"state","yr","gva","profit","profit_share"
"Andaman and Nicobar Islands",1980,459,79,0.172113289760349
"Andaman and Nicobar Islands",1981,503,80,0.159045725646123
"Andaman and Nicobar Islands",1982,428,-86,-0.200934579439252
"Andaman and Nicobar Islands",1983,777,187,0.240669240669241
"Andaman and Nicobar Islands",1984,333,-402,-1.20720720720721
"Andaman and Nicobar Islands",1985,694,-115,-0.165706051873199
"Andaman and Nicobar Islands",1986,273,-496,-1.81684981684982
"Andaman and Nicobar Islands",1987,1212,108,0.0891089108910891
"Andaman and Nicobar Islands",1988,217,-725,-3.34101382488479
"Andaman and Nicobar Islands",1989,317,-937,-2.95583596214511
"Andaman and Nicobar Islands",1991,2509,769,0.306496612196094
"Andaman and Nicobar Islands",1992,1290,-769,-0.596124031007752
"Andaman and Nicobar Islands",1993,1525,-1308,-0.857704918032787
"Andaman and Nicobar Islands",1994,1863,-1205,-0.646806226516372
"Andaman and Nicobar Islands",1995,2422,-1457,-0.601568951279934
"Andaman and Nicobar Islands",1996,3538,487,0.137648388920294
"Andaman and Nicobar Islands",1997,4343,620,0.142758461892701
"Andaman and Nicobar Islands",1998,2128,667,0.31343984962406
"Andaman and Nicobar Islands",1999,1567,354,0.22590938098277
"Andaman and Nicobar Islands",2000,778,-212,-0.272493573264781
"Andaman and Nicobar Islands",2001,517,-568,-1.09864603481625
"Andaman and Nicobar Islands",2002,294,-461,-1.56802721088435
"Andaman and Nicobar Islands",2003,1590,17,0.0106918238993711
"Andaman and Nicobar Islands",2004,1167,-260,-0.222793487574979
"Andaman and Nicobar Islands",2005,1367,-332,-0.242867593269934
"Andaman and Nicobar Islands",2006,1586,-162,-0.102143757881463
"Andaman and Nicobar Islands",2007,2586,816,0.31554524361949
"Andaman and Nicobar Islands",2008,1541,-267,-0.173264114211551
"Andaman and Nicobar Islands",2009,1675,-364,-0.217313432835821
"Andaman and Nicobar Islands",2010,1957,-345,-0.176290240163516
"Andaman and Nicobar Islands",2011,2144,-828,-0.386194029850746
"Andaman and Nicobar Islands",2012,958,-1709,-1.7839248434238
"Andaman and Nicobar Islands",2013,1544,-763,-0.494170984455959
"Andaman and Nicobar Islands",2014,1787,-550,-0.307778399552322
"Andaman and Nicobar Islands",2015,998,-552,-0.55310621242485
"Andaman and Nicobar Islands",2016,592,-631,-1.06587837837838
"Andaman and Nicobar Islands",2017,1014,-86,-0.0848126232741617
"Andaman and Nicobar Islands",2018,1115,24,0.02152466367713
"Andaman and Nicobar Islands",2019,1057,6,0.00567644276253548
"Andaman and Nicobar Islands",2020,837,-27,-0.032258064516129
"Andaman and Nicobar Islands",2021,727,-216,-0.297111416781293
"Andaman and Nicobar Islands",2022,664,-259,-0.390060240963855
"Andaman and Nicobar Islands",2023,677,-223,-0.329394387001477
"Andhra Pradesh",1980,69663,3192,0.0458205934283623
"Andhra Pradesh",1981,82552,10289,0.12463659269309
"Andhra Pradesh",1982,114955,22531,0.195998434169893
"Andhra Pradesh",1983,153248,40244,0.262607016078513
"Andhra Pradesh",1984,168978,37838,0.223922640817148
"Andhra Pradesh",1985,156885,11380,0.0725372087835038
"Andhra Pradesh",1986,168738,6833,0.0404947314772013
"Andhra Pradesh",1987,165526,-18505,-0.111795125841258
"Andhra Pradesh",1988,228369,1551,0.00679163984603865
"Andhra Pradesh",1989,274240,10924,0.0398337222870478
"Andhra Pradesh",1991,431558,-19040,-0.0441192145667558
"Andhra Pradesh",1992,556136,-10195,-0.0183318468863731
"Andhra Pradesh",1993,614068,21981,0.0357957099213768
"Andhra Pradesh",1994,917959,193770,0.211087859043813
"Andhra Pradesh",1995,1178464,255230,0.216578529339886
"Andhra Pradesh",1996,1001255,134069,0.133900954302351
"Andhra Pradesh",1997,1417485,299998,0.211641040293195
"Andhra Pradesh",1998,991403,118801,0.119831188729508
"Andhra Pradesh",1999,1117329,137394,0.122966467352051
"Andhra Pradesh",2000,1107719,132446,0.119566424336858
"Andhra Pradesh",2001,1288221,257018,0.199513903282123
"Andhra Pradesh",2002,1427874,316768,0.221845905170904
"Andhra Pradesh",2003,1660456,547727,0.329865410465559
"Andhra Pradesh",2004,1967027,766019,0.389429834974304
"Andhra Pradesh",2005,2092933,848658,0.405487418851917
"Andhra Pradesh",2006,3116083,1594586,0.511727704300559
"Andhra Pradesh",2007,3618179,1786942,0.493878826890544
"Andhra Pradesh",2008,4075162,1931192,0.473893307799788
"Andhra Pradesh",2009,4976673,1974825,0.396816306797734
"Andhra Pradesh",2010,6848971,3263238,0.47645668232498
"Andhra Pradesh",2011,7937134,3690269,0.464937217892504
"Andhra Pradesh",2012,6457578,2191700,0.339399694436521
"Andhra Pradesh",2013,6211298,1476759,0.23775368691053
"Andhra Pradesh",2014,6895919,2225811,0.322772207736199
"Andhra Pradesh",2015,8422377,3210116,0.381141333378926
"Andhra Pradesh",2016,7760722,1939242,0.249879070529778
"Andhra Pradesh",2017,9338769,2963849,0.317370415736806
"Andhra Pradesh",2018,10646256,2900926,0.272483209120652
"Andhra Pradesh",2019,10923146,3268114,0.299191643140172
"Andhra Pradesh",2020,13585041,5458554,0.401806222005513
"Andhra Pradesh",2021,15170517,6551662,0.431868076743858
"Andhra Pradesh",2022,16471349,6855721,0.416220978621727
"Andhra Pradesh",2023,18084444,7309283,0.404175157389412
"Arunachal Pradesh",2014,36174,29414,0.81312544921767
"Arunachal Pradesh",2015,27885,19372,0.694710417787341
"Arunachal Pradesh",2016,22804,14229,0.623969479038765
"Arunachal Pradesh",2017,15791,6214,0.393515293521626
"Arunachal Pradesh",2018,15269,7277,0.476586547907525
"Arunachal Pradesh",2019,10423,3556,0.341168569509738
"Arunachal Pradesh",2020,8336,2714,0.325575815738964
"Arunachal Pradesh",2021,26023,-46398,-1.78296122660723
"Arunachal Pradesh",2022,30743,13339,0.433887388999122
"Arunachal Pradesh",2023,33249,10624,0.31952840686938
"Assam",1980,14225,4768,0.33518453427065
"Assam",1981,16312,6867,0.420978420794507
"Assam",1982,17742,7942,0.447638372224101
"Assam",1983,27638,14698,0.531804037918808
"Assam",1984,38792,23272,0.599917508764694
"Assam",1985,51604,31778,0.615804976358422
"Assam",1986,54412,34746,0.638572373741087
"Assam",1987,52838,33095,0.626348461334646
"Assam",1988,50221,14760,0.293900957766671
"Assam",1989,86634,50407,0.581838539141677
"Assam",1991,90948,40150,0.441461054668602
"Assam",1992,100415,39355,0.391923517402778
"Assam",1993,98782,56317,0.57011398837845
"Assam",1994,114535,43411,0.379019513685773
"Assam",1995,153046,61329,0.400722658547103
"Assam",1996,112222,23999,0.213852898718611
"Assam",1997,153552,46452,0.302516411378556
"Assam",1998,172175,98954,0.57472919994192
"Assam",1999,191340,106038,0.554186265286924
"Assam",2000,160468,48016,0.299224767554902
"Assam",2001,122254,25149,0.205711060578795
"Assam",2002,340751,208914,0.61309871431045
"Assam",2003,421343,278743,0.661558397789924
"Assam",2004,423007,277907,0.656979671731201
"Assam",2005,410918,253948,0.618001645097075
"Assam",2006,437932,236422,0.539860069599847
"Assam",2007,399036,191995,0.481147064425265
"Assam",2008,379004,126477,0.333708879061962
"Assam",2009,577045,306080,0.530426569851571
"Assam",2010,766187,399339,0.521203048341984
"Assam",2011,770619,354170,0.459591575084445
"Assam",2012,741784,312335,0.421059230180214
"Assam",2013,921630,461704,0.500964595336523
"Assam",2014,987322,465580,0.471558417618568
"Assam",2015,1171374,593921,0.507029351855172
"Assam",2016,1486664,867662,0.583630194852367
"Assam",2017,1578019,964598,0.611271473917614
"Assam",2018,1666585,904531,0.542745194514531
"Assam",2019,1755874,984532,0.560707658977808
"Assam",2020,1969928,1131674,0.574474803140013
"Assam",2021,2382049,1515195,0.636088930160547
"Assam",2022,2815191,1895572,0.673336906803126
"Assam",2023,2901973,1801415,0.620755258577526
"Bihar",1980,86237,7123,0.0825979567934877
"Bihar",1981,114330,15404,0.134732791043471
"Bihar",1982,153092,34930,0.228163457267525
"Bihar",1983,186854,68156,0.364755370503174
"Bihar",1984,151355,11250,0.0743285652935152
"Bihar",1985,163432,6078,0.0371897792354007
"Bihar",1986,170441,18938,0.111111763014768
"Bihar",1987,230600,39221,0.170082393755421
"Bihar",1988,299149,98110,0.327963656906759
"Bihar",1989,308424,85542,0.277351957046144
"Bihar",1991,390367,102284,0.262020099035011
"Bihar",1992,416522,37771,0.0906818847503853
"Bihar",1993,731983,352553,0.48164096707164
"Bihar",1994,507892,82552,0.1625384924354
"Bihar",1995,636636,129327,0.203141198424217
"Bihar",1996,809228,236713,0.292517065647753
"Bihar",1997,1033281,512652,0.496139965798268
"Bihar",1998,962806,482928,0.501583912023814
"Bihar",1999,961811,434810,0.452074264070592
"Bihar",2000,594586,5283,0.00888517388569526
"Bihar",2001,535176,-83615,-0.156238321598876
"Bihar",2002,915856,341680,0.373071749270628
"Bihar",2003,1026493,465965,0.453938799387819
"Bihar",2004,1911109,1363583,0.713503520730633
"Bihar",2005,1471221,913662,0.621022946246689
"Bihar",2006,1300160,658461,0.506446129707113
"Bihar",2007,2384744,1603158,0.672255806073943
"Bihar",2008,1997119,1085846,0.543706208793767
"Bihar",2009,1996067,1005433,0.503707039893952
"Bihar",2010,2744005,1499529,0.546474587327647
"Bihar",2011,2640068,1179187,0.446650237796905
"Bihar",2012,2788389,1028044,0.368687439234626
"Bihar",2013,3028117,1195177,0.394693137682593
"Bihar",2014,3339598,1127701,0.337675672341402
"Bihar",2015,2419288,328172,0.135648174173559
"Bihar",2016,3335563,833713,0.249946710645249
"Bihar",2017,3775444,1298680,0.343980734451365
"Bihar",2018,4461292,1886324,0.422820115787086
"Bihar",2019,3546394,1249942,0.352454352223695
"Bihar",2020,4176492,2004798,0.480019595392497
"Bihar",2021,6228428,3702409,0.594437151717897
"Bihar",2022,6507973,3771561,0.579529294297933
"Bihar",2023,7068184,4109337,0.581385119572439
"Chandigarh",1980,1774,483,0.272266065388952
"Chandigarh",1981,2113,587,0.277804070042593
"Chandigarh",1982,2055,387,0.188321167883212
"Chandigarh",1983,5132,3008,0.586126266562744
"Chandigarh",1984,3098,734,0.23692704970949
"Chandigarh",1985,3465,898,0.259163059163059
"Chandigarh",1986,3755,853,0.227163781624501
"Chandigarh",1987,3468,459,0.132352941176471
"Chandigarh",1988,6228,2204,0.3538856775851
"Chandigarh",1989,7233,2127,0.294068851099129
"Chandigarh",1991,8535,2542,0.297832454598711
"Chandigarh",1992,9848,3983,0.40444760357433
"Chandigarh",1993,7134,2063,0.289178581440987
"Chandigarh",1994,12905,3814,0.295544362650136
"Chandigarh",1995,14508,3269,0.225323959194927
"Chandigarh",1996,18838,5025,0.266748062427009
"Chandigarh",1997,20329,5690,0.279895715480348
"Chandigarh",1998,19283,5154,0.267282061919826
"Chandigarh",1999,19832,4778,0.240923759580476
"Chandigarh",2000,17968,2499,0.139080587711487
"Chandigarh",2001,15594,-1114,-0.071437732461203
"Chandigarh",2002,17338,1807,0.104221940246857
"Chandigarh",2003,20090,2535,0.126182180189149
"Chandigarh",2004,25537,4793,0.187688452049967
"Chandigarh",2005,27220,5563,0.204371785451874
"Chandigarh",2006,37172,8491,0.228424620682234
"Chandigarh",2007,42572,11005,0.258503241567227
"Chandigarh",2008,49497,12137,0.245206780208902
"Chandigarh",2009,57634,18291,0.317364749973974
"Chandigarh",2010,79045,29304,0.370725536087039
"Chandigarh",2011,78401,20103,0.256412545758345
"Chandigarh",2012,71614,26038,0.363588125226911
"Chandigarh",2013,77594,20403,0.262945588576436
"Chandigarh",2014,73268,21779,0.297251187421521
"Chandigarh",2015,70375,12415,0.176412078152753
"Chandigarh",2016,84214,18409,0.218597857838364
"Chandigarh",2017,70745,15186,0.214658279737084
"Chandigarh",2018,51179,-7664,-0.149748920455656
"Chandigarh",2019,59121,929,0.0157135366451853
"Chandigarh",2020,62222,7834,0.12590402108579
"Chandigarh",2021,64849,11134,0.171691159462752
"Chandigarh",2022,81756,22817,0.279086550222614
"Chandigarh",2023,83657,24586,0.293890529184647
"Madhya Pradesh",1998,942343,224030,0.237737214581103
"Madhya Pradesh",1999,1007972,241574,0.239663403348506
"Madhya Pradesh",2000,1044133,296675,0.284135258630845
"Madhya Pradesh",2001,1033332,293910,0.284429399263741
"Madhya Pradesh",2002,1072840,345063,0.32163509936244
"Madhya Pradesh",2003,1262627,490090,0.388151053319785
"Madhya Pradesh",2004,1642218,886825,0.540016611680057
"Madhya Pradesh",2005,1660371,814601,0.49061384473711
"Madhya Pradesh",2006,2631588,1594724,0.605993035383958
"Madhya Pradesh",2007,3247506,1943735,0.598531611642904
"Madhya Pradesh",2008,3571299,2030403,0.568533466394161
"Madhya Pradesh",2009,3319688,1741689,0.524654425355636
"Madhya Pradesh",2010,3574401,1515127,0.423882770847479
"Madhya Pradesh",2011,3823738,1475601,0.385905362762825
"Madhya Pradesh",2012,4384762,1890541,0.431161600105091
"Madhya Pradesh",2013,5006361,2213749,0.442187249381337
"Madhya Pradesh",2014,4955194,1526862,0.308133647239644
"Madhya Pradesh",2015,4970575,764257,0.153756255563994
"Madhya Pradesh",2016,5675283,987810,0.17405475638836
"Madhya Pradesh",2017,6855038,2183611,0.318541049663036
"Madhya Pradesh",2018,8154382,2695288,0.330532467083342
"Madhya Pradesh",2019,6934728,1315602,0.189712127137503
"Madhya Pradesh",2020,8188564,2459525,0.300360966831303
"Madhya Pradesh",2021,10684950,4919540,0.460417690302716
"Madhya Pradesh",2022,11034442,4910685,0.445032471963693
"Madhya Pradesh",2023,12615431,5559473,0.440688312591143
"Dadra and Nagar Haveli",1988,3799,793,0.208739141879442
"Dadra and Nagar Haveli",1989,6816,1440,0.211267605633803
"Dadra and Nagar Haveli",1991,10924,2920,0.267301354815086
"Dadra and Nagar Haveli",1992,8057,498,0.0618096065533077
"Dadra and Nagar Haveli",1993,11456,3307,0.28866969273743
"Dadra and Nagar Haveli",1994,28061,17180,0.612237625173729
"Dadra and Nagar Haveli",1995,40080,27369,0.682859281437126
"Dadra and Nagar Haveli",1996,79168,51340,0.648494341147939
"Dadra and Nagar Haveli",1997,173204,125873,0.726732638969077
"Dadra and Nagar Haveli",1998,201689,125178,0.620648622383967
"Dadra and Nagar Haveli",1999,227557,131441,0.577617915511279
"Dadra and Nagar Haveli",2000,224080,114758,0.512129596572653
"Dadra and Nagar Haveli",2001,272743,127162,0.466233780518657
"Dadra and Nagar Haveli",2002,303674,187045,0.615940119997102
"Dadra and Nagar Haveli",2003,331014,197098,0.595437051000864
"Dadra and Nagar Haveli",2004,550973,401480,0.728674544850655
"Dadra and Nagar Haveli",2005,382290,222794,0.582787935860211
"Dadra and Nagar Haveli",2006,580204,382670,0.659543884564739
"Dadra and Nagar Haveli",2007,607462,352705,0.580620680799787
"Dadra and Nagar Haveli",2008,891873,539847,0.605295821266032
"Dadra and Nagar Haveli",2009,800441,385801,0.481985555462551
"Dadra and Nagar Haveli",2010,866973,448907,0.517786597737184
"Dadra and Nagar Haveli",2011,964906,375257,0.388905240510475
"Dadra and Nagar Haveli",2012,1133966,621717,0.548267761114531
"Dadra and Nagar Haveli",2013,1223949,582025,0.475530434683145
"Dadra and Nagar Haveli",2014,1546769,565225,0.365423020502738
"Dadra and Nagar Haveli",2015,1554381,755962,0.486342794977551
"Dadra and Nagar Haveli",2016,1121439,132440,0.118098264818684
"Dadra and Nagar Haveli",2017,1692652,697221,0.411910422225006
"Dadra and Nagar Haveli",2018,1245806,546316,0.438524136181717
"Dadra and Nagar Haveli",2019,1347153,597846,0.44378478168404
"Dadra and Nagar Haveli & Daman & Diu",2020,2618627,1355761,0.517737348618188
"Dadra and Nagar Haveli & Daman & Diu",2021,3155914,1808282,0.572982026759918
"Dadra and Nagar Haveli & Daman & Diu",2022,3112712,1622923,0.521385531330878
"Dadra and Nagar Haveli & Daman & Diu",2023,3307237,1640688,0.496090240886879
"Daman and Diu",1989,888,115,0.129504504504505
"Daman and Diu",1991,3581,1051,0.293493437587266
"Daman and Diu",1992,4597,1781,0.387426582553839
"Daman and Diu",1993,12713,7467,0.587351529929993
"Daman and Diu",1994,27334,15851,0.579900490231946
"Daman and Diu",1995,53617,38501,0.718074491299401
"Daman and Diu",1996,62016,37361,0.602441305469556
"Daman and Diu",1997,66366,39806,0.599795075791821
"Daman and Diu",1999,182820,131975,0.721884914123181
"Daman and Diu",2000,159014,97247,0.611562503930472
"Daman and Diu",2001,198577,125352,0.631251353379294
"Daman and Diu",2002,239770,148374,0.618818033949201
"Daman and Diu",2003,263090,168288,0.63965943213349
"Daman and Diu",2004,305992,197928,0.646840440272948
"Daman and Diu",2005,488458,309267,0.633149625965794
"Daman and Diu",2006,487307,341735,0.701272503780984
"Daman and Diu",2007,719324,464197,0.645323943035406
"Daman and Diu",2008,483556,279281,0.577556684230989
"Daman and Diu",2009,631738,378790,0.599599834108444
"Daman and Diu",2010,704052,373723,0.530817325992966
"Daman and Diu",2011,725954,336783,0.463917823994358
"Daman and Diu",2012,1343987,915019,0.680824293687365
"Daman and Diu",2013,707857,286937,0.405360122171569
"Daman and Diu",2014,661228,297439,0.449828198442897
"Daman and Diu",2015,1035409,489744,0.472995695420843
"Daman and Diu",2016,813384,325475,0.400149252997354
"Daman and Diu",2017,893495,354826,0.397121416460081
"Daman and Diu",2018,816913,302012,0.369699098924855
"Daman and Diu",2019,974626,430765,0.441979795326618
"Delhi",1980,21294,1974,0.0927021696252466
"Delhi",1981,23157,2315,0.0999697715593557
"Delhi",1982,30226,3051,0.100939588433799
"Delhi",1983,37435,5581,0.149085080806732
"Delhi",1984,42794,7253,0.16948637659485
"Delhi",1985,41956,3391,0.0808227667079798
"Delhi",1986,34991,3421,0.0977679974850676
"Delhi",1987,57198,5157,0.0901604951222071
"Delhi",1988,65682,15228,0.231844340915319
"Delhi",1989,70431,14553,0.206627763342846
"Delhi",1991,123863,44553,0.359695792932514
"Delhi",1992,132813,42800,0.322257610324291
"Delhi",1993,166172,69789,0.419980502130323
"Delhi",1994,310514,168726,0.54337646611747
"Delhi",1995,252156,64933,0.257511223211028
"Delhi",1996,236087,64403,0.272793504089594
"Delhi",1997,323830,170540,0.526634345181114
"Delhi",1998,258915,115353,0.445524593013151
"Delhi",1999,323520,103029,0.318462537091988
"Delhi",2000,230267,79993,0.347392374938658
"Delhi",2001,243843,73757,0.30247741374573
"Delhi",2002,291664,102443,0.351236354160952
"Delhi",2003,234065,71227,0.304304359900028
"Delhi",2004,279529,101118,0.361744219741064
"Delhi",2005,306329,103775,0.338769754087925
"Delhi",2006,347178,115567,0.332875355005214
"Delhi",2007,397778,142601,0.358493933802272
"Delhi",2008,382383,113599,0.297081721729261
"Delhi",2009,417077,102201,0.245041083540929
"Delhi",2010,632782,238425,0.376788530647206
"Delhi",2011,661287,219973,0.332643768893083
"Delhi",2012,852465,367376,0.430957282703689
"Delhi",2013,844299,382939,0.453558514223042
"Delhi",2014,874999,286902,0.327888374729571
"Delhi",2015,836194,294132,0.351750909477944
"Delhi",2016,684411,155493,0.227192432617243
"Delhi",2017,627434,130327,0.207714277517635
"Delhi",2018,607530,58712,0.0966404951195826
"Delhi",2019,651052,98546,0.151364253546568
"Delhi",2020,616488,59148,0.0959434733522794
"Delhi",2021,619301,144905,0.233981537249254
"Delhi",2022,674799,121254,0.179689062965416
"Delhi",2023,719157,153957,0.214079818454107
"Goa",1989,20389,9409,0.461474324390603
"Goa",1991,31151,15921,0.511091136721133
"Goa",1992,25181,9698,0.385131646876613
"Goa",1993,43042,21015,0.488244040704428
"Goa",1994,37495,17230,0.459527937058275
"Goa",1995,57644,29992,0.520296995350774
"Goa",1996,72637,36163,0.497859217754037
"Goa",1997,99999,49597,0.495974959749598
"Goa",1998,131877,79407,0.60212925680748
"Goa",1999,150965,72702,0.481581823601497
"Goa",2000,172764,85252,0.493459285499294
"Goa",2001,188135,101241,0.538129534642677
"Goa",2002,214864,112600,0.524052423858813
"Goa",2003,263800,158528,0.600940106141016
"Goa",2004,338459,220002,0.65001078417179
"Goa",2005,367387,247788,0.674460446341324
"Goa",2006,398721,273134,0.68502536861615
"Goa",2007,431962,284511,0.658648214426269
"Goa",2008,542773,352932,0.650238681732511
"Goa",2009,620976,392321,0.631781260467393
"Goa",2010,655451,380745,0.580890104676017
"Goa",2011,1266484,956604,0.755322609681607
"Goa",2012,1132424,847432,0.748334546071083
"Goa",2013,839487,528844,0.629960916607404
"Goa",2014,1474278,1063276,0.721218114900989
"Goa",2015,1617738,1188927,0.734931738019383
"Goa",2016,1508028,1047095,0.694347187187506
"Goa",2017,1545320,1019839,0.659953278285404
"Goa",2018,1513420,943855,0.623657015237013
"Goa",2019,1465440,859725,0.586666803144448
"Goa",2020,1474927,825906,0.559963984658224
"Goa",2021,1567348,903027,0.576149648961175
"Goa",2022,1663910,963469,0.579039130722215
"Goa",2023,1691959,849248,0.501931784399031
"Goa, Daman and Diu",1980,7448,3646,0.48952738990333
"Goa, Daman and Diu",1981,4865,533,0.109558067831449
"Goa, Daman and Diu",1982,8691,4358,0.501438269474169
"Goa, Daman and Diu",1983,6152,915,0.148732119635891
"Goa, Daman and Diu",1984,9927,3953,0.398206910446258
"Goa, Daman and Diu",1985,12174,5928,0.486939379004436
"Goa, Daman and Diu",1986,13218,5554,0.420184596761991
"Goa, Daman and Diu",1987,10639,2428,0.228216937682113
"Goa, Daman and Diu",1988,15394,6339,0.411783811874756
"Gujarat",1980,135393,24560,0.181397856610017
"Gujarat",1981,148564,35177,0.236780108236181
"Gujarat",1982,180529,38347,0.212414625904979
"Gujarat",1983,275793,88831,0.322093019039642
"Gujarat",1984,257059,63713,0.24785360559249
"Gujarat",1985,265385,57566,0.216915047949206
"Gujarat",1986,312654,71672,0.229237431793612
"Gujarat",1987,356601,66676,0.186976480716543
"Gujarat",1988,574170,250430,0.436160022293049
"Gujarat",1989,457989,101456,0.221524971123761
"Gujarat",1991,519548,39555,0.0761334852602647
"Gujarat",1992,978453,271336,0.277311224964306
"Gujarat",1993,1111215,346686,0.311988229100579
"Gujarat",1994,1446577,631324,0.436426128716273
"Gujarat",1995,2125496,774024,0.364161588636252
"Gujarat",1996,2138993,807867,0.377685667975538
"Gujarat",1997,1881857,107658,0.0572083851217175
"Gujarat",1998,2351370,741254,0.315243453816286
"Gujarat",1999,2538333,650316,0.256198063847415
"Gujarat",2000,2299207,412624,0.179463615063802
"Gujarat",2001,2459171,368841,0.149985909885892
"Gujarat",2002,3113488,1119278,0.359493275708787
"Gujarat",2003,3692222,1711617,0.463573696272868
"Gujarat",2004,4462402,2345939,0.525712161297884
"Gujarat",2005,5768839,3417269,0.592366852325052
"Gujarat",2006,6058029,3126475,0.516087823283778
"Gujarat",2007,7522540,4234836,0.562952938768023
"Gujarat",2008,7476367,3702367,0.495209371075551
"Gujarat",2009,10826974,6186395,0.571387259265608
"Gujarat",2010,10962242,5492939,0.501078064140529
"Gujarat",2011,11048718,4530041,0.410006029658826
"Gujarat",2012,14685175,7402933,0.504109280277559
"Gujarat",2013,15554032,7547549,0.485247105059318
"Gujarat",2014,19645125,10794606,0.549480138202226
"Gujarat",2015,21095627,11339885,0.537546715250511
"Gujarat",2016,19921069,9282118,0.465944774349208
"Gujarat",2017,22076691,9549224,0.432547794413574
"Gujarat",2018,22897857,8631789,0.376969294550141
"Gujarat",2019,23548411,8615510,0.365863751910904
"Gujarat",2020,24226697,9359542,0.386331739733237
"Gujarat",2021,30032277,14356154,0.478024160472414
"Gujarat",2022,32481602,14991973,0.461552758389195
"Gujarat",2023,34920541,14797315,0.423742432856352
"Haryana",1980,49388,19546,0.395764153235604
"Haryana",1981,52382,16723,0.319250887709519
"Haryana",1982,60684,14394,0.23719596598774
"Haryana",1983,85092,32528,0.382268603393974
"Haryana",1984,71392,11275,0.157930860600628
"Haryana",1985,82192,10306,0.125389332295114
"Haryana",1986,90343,11271,0.124757867239299
"Haryana",1987,100184,-4659,-0.0465044318454045
"Haryana",1988,122548,11526,0.0940529425204818
"Haryana",1989,141403,12491,0.0883361739142734
"Haryana",1991,206898,27735,0.134051561639069
"Haryana",1992,198099,-7691,-0.0388240223322682
"Haryana",1993,255338,23354,0.0914630803092372
"Haryana",1994,368451,72687,0.197277249892116
"Haryana",1995,556949,161752,0.290425155624662
"Haryana",1996,650946,220314,0.338452037496198
"Haryana",1997,583424,97169,0.166549542014041
"Haryana",1998,648639,175350,0.27033527123716
"Haryana",1999,780784,247555,0.317059519662288
"Haryana",2000,710569,133655,0.188095737359778
"Haryana",2001,821435,225892,0.274996804372835
"Haryana",2002,941657,336324,0.357161896529203
"Haryana",2003,1119094,433800,0.38763499759627
"Haryana",2004,1391051,649851,0.467165474163061
"Haryana",2005,1572522,795652,0.50597193552777
"Haryana",2006,1772802,859267,0.484694286220345
"Haryana",2007,2133770,937881,0.439541750048037
"Haryana",2008,2416403,906075,0.374968496562866
"Haryana",2009,3238084,1399645,0.432244808967278
"Haryana",2010,2994007,998790,0.333596414437241
"Haryana",2011,3570037,1150047,0.322138678114541
"Haryana",2012,4525208,1737989,0.384068312440003
"Haryana",2013,4461220,1497335,0.33563352625515
"Haryana",2014,5878307,2277341,0.387414437524274
"Haryana",2015,6177836,2401696,0.38876007715323
"Haryana",2016,7896018,3326972,0.421348076967403
"Haryana",2017,7215176,2513610,0.34837819617983
"Haryana",2018,9334635,3489191,0.373789762534904
"Haryana",2019,8164267,1978194,0.242299033091397
"Haryana",2020,8139119,2029975,0.249409671980469
"Haryana",2021,10908431,4209223,0.385868783512496
"Haryana",2022,11916548,4711360,0.395362818158413
"Haryana",2023,15306213,7043690,0.460185024212063
"Himachal Pradesh",1980,7468,3903,0.522629887520086
"Himachal Pradesh",1981,9940,6164,0.620120724346077
"Himachal Pradesh",1982,15514,9573,0.617055562717546
"Himachal Pradesh",1983,19523,12031,0.616247502945244
"Himachal Pradesh",1984,17396,8000,0.459875833524948
"Himachal Pradesh",1985,21086,7967,0.3778336336906
"Himachal Pradesh",1986,22789,6754,0.29637105621133
"Himachal Pradesh",1987,19703,376,0.0190833883165
"Himachal Pradesh",1988,33836,13236,0.391180990660835
"Himachal Pradesh",1989,28710,7730,0.26924416579589
"Himachal Pradesh",1991,46108,14337,0.310943870911772
"Himachal Pradesh",1992,51207,12417,0.242486378815396
"Himachal Pradesh",1993,88176,45532,0.516376338232626
"Himachal Pradesh",1994,85038,32666,0.384134151790964
"Himachal Pradesh",1995,98171,30458,0.310254555826059
"Himachal Pradesh",1996,126827,47205,0.37219992588329
"Himachal Pradesh",1997,139741,42646,0.305178866617528
"Himachal Pradesh",1998,105319,33138,0.314644081314863
"Himachal Pradesh",1999,134742,54804,0.406732867257425
"Himachal Pradesh",2000,154743,63368,0.409504791816108
"Himachal Pradesh",2001,160209,68742,0.429077018145048
"Himachal Pradesh",2002,178441,79734,0.446836769576499
"Himachal Pradesh",2003,214455,82238,0.383474388566366
"Himachal Pradesh",2004,263251,139354,0.52935791317032
"Himachal Pradesh",2005,622665,472401,0.75867601358676
"Himachal Pradesh",2006,777589,591994,0.761319926079201
"Himachal Pradesh",2007,1237986,924450,0.746737039029521
"Himachal Pradesh",2008,1464780,1082024,0.738693865290351
"Himachal Pradesh",2009,1553768,1086455,0.69923888251013
"Himachal Pradesh",2010,2063796,1372784,0.665174271100438
"Himachal Pradesh",2011,2482191,1562028,0.629294039016337
"Himachal Pradesh",2012,2522918,1527059,0.605274923719281
"Himachal Pradesh",2013,2637778,1465305,0.555507324725583
"Himachal Pradesh",2014,3529036,2141115,0.606713844800677
"Himachal Pradesh",2015,3457976,2229935,0.6448671130164
"Himachal Pradesh",2016,3212129,1950898,0.607353565189941
"Himachal Pradesh",2017,3325566,2035683,0.612131288328062
"Himachal Pradesh",2018,3229129,1846784,0.571913974325585
"Himachal Pradesh",2019,3245245,1797627,0.553926436987038
"Himachal Pradesh",2020,3260500,1804138,0.553331697592394
"Himachal Pradesh",2021,3609804,2163682,0.599390437818785
"Himachal Pradesh",2022,4099053,2359902,0.575718830666498
"Himachal Pradesh",2023,3956086,2216208,0.560202179629058
"Jammu and Kashmir",1980,2578,29,0.0112490302560124
"Jammu and Kashmir",1981,3241,716,0.220919469299599
"Jammu and Kashmir",1982,4675,900,0.192513368983957
"Jammu and Kashmir",1983,5009,-50,-0.00998203234178479
"Jammu and Kashmir",1984,7895,526,0.0666244458518049
"Jammu and Kashmir",1985,7786,208,0.0267146159773953
"Jammu and Kashmir",1986,7538,-1355,-0.179755903422659
"Jammu and Kashmir",1987,11073,-517,-0.0466901472049129
"Jammu and Kashmir",1988,4348,-435,-0.100045998160074
"Jammu and Kashmir",1989,6124,2249,0.367243631613325
"Jammu and Kashmir",1991,8300,2941,0.35433734939759
"Jammu and Kashmir",1992,10539,3997,0.379257994117089
"Jammu and Kashmir",1993,20638,13558,0.656943502277352
"Jammu and Kashmir",1994,11553,1714,0.148359733402579
"Jammu and Kashmir",1995,17375,4008,0.230676258992806
"Jammu and Kashmir",1996,14845,1303,0.0877736611653756
"Jammu and Kashmir",1997,23878,-455,-0.0190551972527012
"Jammu and Kashmir",1998,18211,-1113,-0.0611169073636813
"Jammu and Kashmir",1999,25025,5131,0.205034965034965
"Jammu and Kashmir",2000,19983,708,0.0354301155982585
"Jammu and Kashmir",2001,21440,-1275,-0.0594682835820896
"Jammu and Kashmir",2002,23329,770,0.0330061297098032
"Jammu and Kashmir",2003,23121,350,0.0151377535573721
"Jammu and Kashmir",2004,64952,30995,0.477198546619042
"Jammu and Kashmir",2005,111633,67960,0.608780557720387
"Jammu and Kashmir",2006,193672,129465,0.668475566937916
"Jammu and Kashmir",2007,292213,213108,0.729289935766034
"Jammu and Kashmir",2008,339466,248647,0.732465106962111
"Jammu and Kashmir",2009,288492,185759,0.643896537858935
"Jammu and Kashmir",2010,306853,184376,0.600860998588901
"Jammu and Kashmir",2011,442673,297118,0.671190698325852
"Jammu and Kashmir",2012,447726,249985,0.558343719149659
"Jammu and Kashmir",2013,465399,240323,0.516380568071698
"Jammu and Kashmir",2014,581783,376387,0.646954276766423
"Jammu and Kashmir",2015,648568,416594,0.642328946232315
"Jammu and Kashmir",2016,782707,502885,0.64249457332054
"Jammu and Kashmir",2017,722032,442193,0.612428535023379
"Jammu and Kashmir",2018,727448,428723,0.589352091146034
"Jammu and Kashmir",2019,730091,446401,0.611431999572656
"Jammu and Kashmir",2020,979178,708017,0.723072822306057
"Jammu and Kashmir",2021,693449,440504,0.635236333169418
"Jammu and Kashmir",2022,773737,502060,0.648876814731621
"Jammu and Kashmir",2023,830367,520124,0.626378456754664
"Karnataka",1980,71238,11611,0.162988854263174
"Karnataka",1981,78296,18929,0.241762031265965
"Karnataka",1982,94158,15563,0.165286008623803
"Karnataka",1983,109845,14441,0.131467067231098
"Karnataka",1984,124309,16378,0.131752326862898
"Karnataka",1985,136280,24736,0.181508658643968
"Karnataka",1986,151283,21982,0.145303834535275
"Karnataka",1987,163290,4616,0.0282687243554412
"Karnataka",1988,197159,7967,0.0404090099868634
"Karnataka",1989,260553,39615,0.152042002970605
"Karnataka",1991,397754,112592,0.283069434876833
"Karnataka",1992,475882,132748,0.2789515047848
"Karnataka",1993,482052,127955,0.265438168496345
"Karnataka",1994,672596,228703,0.340030270771756
"Karnataka",1995,783179,194595,0.248468102438906
"Karnataka",1996,1026183,249608,0.24323926629071
"Karnataka",1997,1039381,166256,0.159956743484824
"Karnataka",1998,1133359,257043,0.226797510762256
"Karnataka",1999,997700,217449,0.217950285657011
"Karnataka",2000,1021194,185329,0.181482656576517
"Karnataka",2001,1229162,184391,0.150013586492261
"Karnataka",2002,1456321,331560,0.22766958658153
"Karnataka",2003,1704872,565330,0.331596741573561
"Karnataka",2004,2406483,1180652,0.490613064792064
"Karnataka",2005,2443272,1122200,0.459302116178633
"Karnataka",2006,3588178,1977032,0.550984928841323
"Karnataka",2007,3953751,2107909,0.53314156607232
"Karnataka",2008,4876913,2653570,0.544108537511332
"Karnataka",2009,4353188,1980743,0.455009753771259
"Karnataka",2010,4893278,1937818,0.39601633097486
"Karnataka",2011,5554563,2046434,0.368423942621589
"Karnataka",2012,6391217,2448768,0.383145807754611
"Karnataka",2013,6767292,2364283,0.349369142043819
"Karnataka",2014,7181476,2076173,0.289101154136002
"Karnataka",2015,7868539,2666044,0.338823255498892
"Karnataka",2016,9729160,3999524,0.41108626027324
"Karnataka",2017,10218358,3986029,0.390085080205646
"Karnataka",2018,10576056,3714381,0.351206631281075
"Karnataka",2019,10640878,3330277,0.312970132727769
"Karnataka",2020,11348262,4346520,0.38301195372472
"Karnataka",2021,15516144,7351546,0.47379980489998
"Karnataka",2022,15472051,6551404,0.423434746951131
"Karnataka",2023,18374703,8465840,0.460733433351277
"Kerala",1980,44453,6615,0.148808854295548
"Kerala",1981,49663,8625,0.173670539435797
"Kerala",1982,54562,11949,0.218998570433635
"Kerala",1983,59976,15289,0.254918634120315
"Kerala",1984,77272,28032,0.362770473133865
"Kerala",1985,77841,20788,0.267057206356547
"Kerala",1986,82298,12258,0.148946511458359
"Kerala",1987,102975,21983,0.213478999757223
"Kerala",1988,111358,18892,0.169651035399343
"Kerala",1989,160235,57497,0.358829219583736
"Kerala",1991,190971,36402,0.190615329029015
"Kerala",1992,207179,44998,0.217193827559743
"Kerala",1993,203119,51986,0.255938636956661
"Kerala",1994,254674,65936,0.258903539426875
"Kerala",1995,343886,73687,0.214277405884508
"Kerala",1996,339697,16484,0.0485255978121679
"Kerala",1997,375985,43050,0.114499248640238
"Kerala",1998,463725,194878,0.420244757129764
"Kerala",1999,414630,120475,0.290560258543762
"Kerala",2000,418162,92125,0.220309353791114
"Kerala",2001,403543,74851,0.185484570417527
"Kerala",2002,429000,113902,0.265505827505828
"Kerala",2003,477401,154686,0.324016916596321
"Kerala",2004,482950,132487,0.274328605445698
"Kerala",2005,523307,144710,0.276529838125613
"Kerala",2006,436893,41498,0.0949843554371436
"Kerala",2007,682240,243489,0.356896400093809
"Kerala",2008,882107,348364,0.394922611429226
"Kerala",2009,828506,205551,0.248098384320693
"Kerala",2010,1004010,313824,0.312570591926375
"Kerala",2011,1079692,293933,0.27223782337926
"Kerala",2012,1335966,457551,0.34248700939994
"Kerala",2013,1526293,575134,0.376817557310425
"Kerala",2014,1421515,292171,0.205534939835317
"Kerala",2015,1829940,617880,0.337650414767697
"Kerala",2016,2236188,998895,0.446695447788826
"Kerala",2017,2183551,829708,0.379981049217536
"Kerala",2018,2337876,729262,0.311933567049749
"Kerala",2019,2252674,594488,0.263903254532169
"Kerala",2020,2251864,671298,0.298107700997929
"Kerala",2021,2709773,1003936,0.370487121984019
"Kerala",2022,3476374,1668646,0.479996110890255
"Kerala",2023,3971766,1840581,0.463416273768394
"Ladakh",2019,15951,5439,0.340981756629678
"Ladakh",2020,15246,4347,0.285123966942149
"Ladakh",2023,727,-191,-0.262723521320495
"Lakshadweep",2023,25,6,0.24
"Madhya Pradesh",1980,70386,15748,0.223737675105845
"Madhya Pradesh",1981,90349,26495,0.293251723870768
"Madhya Pradesh",1982,107427,29687,0.276345797611401
"Madhya Pradesh",1983,120253,29292,0.243586438591969
"Madhya Pradesh",1984,133730,6520,0.0487549540118149
"Madhya Pradesh",1985,168266,38970,0.231597589530862
"Madhya Pradesh",1986,146651,385,0.00262528042768205
"Madhya Pradesh",1987,205405,26388,0.128468148292398
"Madhya Pradesh",1988,219465,66177,0.301537830633586
"Madhya Pradesh",1989,298276,40768,0.136678780726575
"Madhya Pradesh",1991,341035,56050,0.164352632427757
"Madhya Pradesh",1992,509648,88862,0.174359557969422
"Madhya Pradesh",1993,624144,188095,0.30136474916045
"Madhya Pradesh",1994,742683,224049,0.301675142692104
"Madhya Pradesh",1995,1126067,232292,0.206286126846804
"Madhya Pradesh",1996,955209,234151,0.245130646800857
"Madhya Pradesh",1997,1043175,257373,0.246720828240707
"Maharashtra",1980,332220,76750,0.231021612184697
"Maharashtra",1981,377555,85065,0.225304922461628
"Maharashtra",1982,403482,73744,0.182768995890771
"Maharashtra",1983,498842,98888,0.198235112520598
"Maharashtra",1984,557712,77124,0.138286427403391
"Maharashtra",1985,677987,174198,0.256934130005443
"Maharashtra",1986,693667,125787,0.181336289602936
"Maharashtra",1987,737025,80529,0.10926223669482
"Maharashtra",1988,952371,191363,0.20093324975246
"Maharashtra",1989,1165698,227417,0.195090838278868
"Maharashtra",1991,1289410,100805,0.0781791672160135
"Maharashtra",1992,1898624,392705,0.206836635373829
"Maharashtra",1993,2435336,838309,0.344227244207781
"Maharashtra",1994,2789292,898711,0.322200400675153
"Maharashtra",1995,3766114,1249377,0.331741683868306
"Maharashtra",1996,3611769,939824,0.260211547305489
"Maharashtra",1997,4008565,1083817,0.270375308869882
"Maharashtra",1998,3629897,1055438,0.290762520258839
"Maharashtra",1999,4101855,1122234,0.273591826137199
"Maharashtra",2000,3768664,858838,0.227889246693258
"Maharashtra",2001,3611329,633070,0.175301114908113
"Maharashtra",2002,4210590,1198408,0.284617595158873
"Maharashtra",2003,4950395,1865556,0.376849928137048
"Maharashtra",2004,6039152,2734891,0.452860103537715
"Maharashtra",2005,8406208,4782387,0.568911333148073
"Maharashtra",2006,10679592,6320795,0.59185734810843
"Maharashtra",2007,12259276,7549581,0.615826007995905
"Maharashtra",2008,12760530,6625913,0.519250611063961
"Maharashtra",2009,13498304,6854911,0.507834984306177
"Maharashtra",2010,16846749,9186845,0.545318565617616
"Maharashtra",2011,17922200,7848847,0.437939929249757
"Maharashtra",2012,20257833,10163985,0.501731108159496
"Maharashtra",2013,22857485,11961339,0.523300748091927
"Maharashtra",2014,23907573,11735665,0.49087646830567
"Maharashtra",2015,24847555,11821215,0.475749626069849
"Maharashtra",2016,24215165,11257577,0.464897802678611
"Maharashtra",2017,25863108,11737961,0.453849591472146
"Maharashtra",2018,23238343,8025170,0.345341748333778
"Maharashtra",2019,21586010,6066155,0.281022523384359
"Maharashtra",2020,23968875,8959239,0.373786379210539
"Maharashtra",2021,32089560,15166979,0.472645277778817
"Maharashtra",2022,35882704,16545569,0.461101510075718
"Maharashtra",2023,39209738,17346988,0.442415299995119
"Manipur",1980,66,-1,-0.0151515151515152
"Manipur",1981,344,9,0.0261627906976744
"Manipur",1982,127,4,0.031496062992126
"Manipur",1983,105,12,0.114285714285714
"Manipur",1984,93,35,0.376344086021505
"Manipur",1985,104,-4,-0.0384615384615385
"Manipur",1986,107,-3,-0.0280373831775701
"Manipur",1987,110,7,0.0636363636363636
"Manipur",1988,482,81,0.16804979253112
"Manipur",1989,59,23,0.389830508474576
"Manipur",1991,301,-182,-0.604651162790698
"Manipur",1993,190,-321,-1.68947368421053
"Manipur",1994,461,-117,-0.253796095444685
"Manipur",1995,2682,70,0.0260999254287845
"Manipur",1996,3603,1565,0.43436025534277
"Manipur",1997,10312,4318,0.418735453840186
"Manipur",1999,174,-44,-0.252873563218391
"Manipur",2000,239,52,0.217573221757322
"Manipur",2001,339,43,0.126843657817109
"Manipur",2002,504,141,0.279761904761905
"Manipur",2003,398,49,0.123115577889447
"Manipur",2004,691,84,0.121562952243126
"Manipur",2005,1079,488,0.45227062094532
"Manipur",2006,734,48,0.0653950953678474
"Manipur",2007,1202,269,0.223793677204659
"Manipur",2008,1356,345,0.254424778761062
"Manipur",2009,1854,-269,-0.145091693635383
"Manipur",2010,4363,1001,0.229429291771717
"Manipur",2011,6626,1719,0.259432538484757
"Manipur",2012,5328,271,0.0508633633633634
"Manipur",2013,6297,848,0.134667301889789
"Manipur",2014,8107,1305,0.160971999506599
"Manipur",2015,8642,1042,0.120573941217311
"Manipur",2016,8990,1098,0.122135706340378
"Manipur",2017,10259,1218,0.118725021931962
"Manipur",2018,11057,1614,0.145970878176721
"Manipur",2019,10483,2266,0.216159496327387
"Manipur",2020,10248,2121,0.206967213114754
"Manipur",2021,12062,2286,0.189520809152711
"Manipur",2022,13088,2770,0.211644254278729
"Manipur",2023,11067,2112,0.19083762537273
"Meghalaya",1980,1568,748,0.477040816326531
"Meghalaya",1981,1047,-122,-0.116523400191022
"Meghalaya",1982,2451,-134,-0.054671562627499
"Meghalaya",1983,1347,-220,-0.163325909428359
"Meghalaya",1984,1035,-421,-0.406763285024155
"Meghalaya",1986,190,34,0.178947368421053
"Meghalaya",1987,556,-41,-0.0737410071942446
"Meghalaya",1988,435,231,0.531034482758621
"Meghalaya",1989,1204,-1291,-1.07225913621262
"Meghalaya",1991,2686,-1350,-0.502606105733433
"Meghalaya",1992,3461,-1744,-0.503900606761052
"Meghalaya",1993,1124,-267,-0.237544483985765
"Meghalaya",1994,471,-34,-0.0721868365180467
"Meghalaya",1995,6428,-2035,-0.316583696328563
"Meghalaya",1996,7293,-2398,-0.328808446455505
"Meghalaya",1997,10758,132,0.0122699386503067
"Meghalaya",1998,867,346,0.399077277970012
"Meghalaya",1999,995,31,0.0311557788944724
"Meghalaya",2000,1132,-57,-0.0503533568904594
"Meghalaya",2001,1582,-323,-0.20417193426043
"Meghalaya",2002,5020,2328,0.463745019920319
"Meghalaya",2003,6494,3486,0.536803202956575
"Meghalaya",2004,10814,5894,0.545034214906603
"Meghalaya",2005,26234,17520,0.667835633147823
"Meghalaya",2006,50178,36523,0.72786878711786
"Meghalaya",2007,60518,43363,0.716530618989392
"Meghalaya",2008,59452,40559,0.682214223238916
"Meghalaya",2009,57292,36864,0.643440619981847
"Meghalaya",2010,82912,42672,0.51466615206484
"Meghalaya",2011,99222,45300,0.456551974360525
"Meghalaya",2012,101279,28073,0.277184806327077
"Meghalaya",2013,81643,-15949,-0.195350489325478
"Meghalaya",2014,101954,-4976,-0.0488063244208172
"Meghalaya",2015,90300,-2010,-0.0222591362126246
"Meghalaya",2016,82588,-38352,-0.46437739138858
"Meghalaya",2017,164680,58686,0.356363857177557
"Meghalaya",2018,160287,55562,0.34664071322066
"Meghalaya",2019,168814,60193,0.356564029049723
"Meghalaya",2020,140087,44655,0.318766195292925
"Meghalaya",2021,179149,79776,0.445305304523051
"Meghalaya",2022,225843,122231,0.541221113782584
"Meghalaya",2023,211517,97338,0.460189961090598
"Mizoram",2019,3113,1009,0.324124638612271
"Mizoram",2020,1959,488,0.249106687085248
"Mizoram",2021,2637,977,0.370496776640121
"Mizoram",2022,2371,579,0.244200759173345
"Mizoram",2023,2338,402,0.171941830624465
"Nagaland",1982,3,1,0.333333333333333
"Nagaland",1989,626,119,0.190095846645367
"Nagaland",1991,1442,-1557,-1.07975034674064
"Nagaland",1992,920,-2048,-2.22608695652174
"Nagaland",1993,1261,-1782,-1.4131641554322
"Nagaland",1994,1634,-3241,-1.98347613219094
"Nagaland",1995,5189,2699,0.520138755058778
"Nagaland",1996,6396,3490,0.545653533458412
"Nagaland",1997,3992,205,0.0513527054108216
"Nagaland",1998,938,-342,-0.364605543710021
"Nagaland",1999,920,-329,-0.357608695652174
"Nagaland",2000,1055,-199,-0.188625592417062
"Nagaland",2001,2717,1623,0.59735001840265
"Nagaland",2002,1776,801,0.451013513513514
"Nagaland",2003,2011,838,0.416708105420189
"Nagaland",2004,2190,945,0.431506849315069
"Nagaland",2005,3685,2257,0.612483039348711
"Nagaland",2006,4000,2516,0.629
"Nagaland",2007,3960,2639,0.666414141414141
"Nagaland",2008,2964,1822,0.614709851551957
"Nagaland",2009,13701,12573,0.917670243047953
"Nagaland",2010,5588,3905,0.698818897637795
"Nagaland",2011,7603,5029,0.661449427857425
"Nagaland",2012,8997,6761,0.751472713126598
"Nagaland",2013,8076,5278,0.653541357107479
"Nagaland",2014,12938,8509,0.657675065697944
"Nagaland",2015,12540,8068,0.643381180223286
"Nagaland",2016,13997,8496,0.606987211545331
"Nagaland",2017,14487,8708,0.601090632981294
"Nagaland",2018,15822,10068,0.636329161926432
"Nagaland",2019,13343,6587,0.493667091358765
"Nagaland",2020,9415,4284,0.455018587360595
"Nagaland",2021,10126,4367,0.431266047797748
"Nagaland",2022,11228,4993,0.444691841824011
"Nagaland",2023,10616,4216,0.397136397889977
"Odisha",1980,26478,3237,0.122252435984591
"Odisha",1981,27330,3153,0.115367727771679
"Odisha",1982,35349,4281,0.121106679113978
"Odisha",1983,36180,-732,-0.0202321724709784
"Odisha",1984,30458,-9312,-0.305732484076433
"Odisha",1985,44399,-6497,-0.146332124597401
"Odisha",1986,54655,-5574,-0.101985179763974
"Odisha",1987,66477,-10884,-0.163725799900718
"Odisha",1988,120723,21448,0.177662914274828
"Odisha",1989,145296,37477,0.257935524721947
"Odisha",1991,167866,22215,0.132337697925726
"Odisha",1992,191907,5271,0.0274664290515719
"Odisha",1993,210815,12947,0.0614140360031307
"Odisha",1994,257748,27382,0.106235547899499
"Odisha",1995,326766,26545,0.0812355018575984
"Odisha",1996,298025,-33082,-0.111004110393423
"Odisha",1997,474711,104234,0.219573593196703
"Odisha",1998,286632,2642,0.00921739373133495
"Odisha",1999,330666,50233,0.151914620795606
"Odisha",2000,307943,-4007,-0.0130121483521301
"Odisha",2001,279203,-31346,-0.112269567304076
"Odisha",2002,342923,22858,0.0666563630902564
"Odisha",2003,441985,40240,0.091043813704085
"Odisha",2004,739478,343780,0.464895507371416
"Odisha",2005,774635,369053,0.476421798653559
"Odisha",2006,1069773,579879,0.542057988003062
"Odisha",2007,1550911,862767,0.556296911944012
"Odisha",2008,1919484,984865,0.51308841334442
"Odisha",2009,1794966,826969,0.460715690436476
"Odisha",2010,2144365,743196,0.346580922557494
"Odisha",2011,2420706,583765,0.241154853170934
"Odisha",2012,2472243,495994,0.200625100364325
"Odisha",2013,2934288,582924,0.198659436292552
"Odisha",2014,2543187,-334037,-0.131345827105911
"Odisha",2015,2385539,-1256217,-0.526596714620889
"Odisha",2016,3083574,-656642,-0.212948351490835
"Odisha",2017,4101582,-76405,-0.0186281781029856
"Odisha",2018,5305972,1393951,0.262713598940967
"Odisha",2019,4189430,231425,0.055240211675574
"Odisha",2020,5797915,1587927,0.273878972009766
"Odisha",2021,10009295,5513893,0.550877259587214
"Odisha",2022,6919041,2476152,0.357875029212863
"Puducherry",1980,2390,158,0.0661087866108787
"Puducherry",1981,2344,-228,-0.0972696245733788
"Puducherry",1982,2480,-149,-0.0600806451612903
"Puducherry",1983,2879,728,0.252865578325808
"Puducherry",1984,1835,-562,-0.306267029972752
"Puducherry",1985,1329,-4,-0.00300978179082017
"Puducherry",1986,4281,241,0.0562952581172623
"Puducherry",1987,5806,58,0.00998966586290045
"Puducherry",1988,5876,665,0.113172226004084
"Puducherry",1989,8932,-1054,-0.118002686968204
"Puducherry",1991,14792,1166,0.0788263926446728
"Puducherry",1992,17910,2158,0.120491345616974
"Puducherry",1993,22682,852,0.0375628251476942
"Puducherry",1994,22967,-1628,-0.0708843122741325
"Puducherry",1995,24420,-4375,-0.179156429156429
"Puducherry",1996,103884,65181,0.627440221785838
"Puducherry",1997,106526,59986,0.563111353096897
"Puducherry",1998,112994,63676,0.563534346956476
"Puducherry",1999,106550,46606,0.437409666823088
"Puducherry",2000,145016,87191,0.601250896452805
"Puducherry",2001,173742,112938,0.650032807265946
"Puducherry",2002,202918,130493,0.643082427384461
"Puducherry",2003,224700,152596,0.679109924343569
"Puducherry",2004,171392,104068,0.6071928678118
"Puducherry",2005,327895,243975,0.744064410863234
"Puducherry",2006,276938,175603,0.634087774158837
"Puducherry",2007,292685,163807,0.559669952337838
"Puducherry",2008,329735,200859,0.609152804524846
"Puducherry",2009,414133,270803,0.653903456136072
"Puducherry",2010,387421,223159,0.576011625595928
"Puducherry",2011,414370,228284,0.550918261457152
"Puducherry",2012,245552,6855,0.0279166938163811
"Puducherry",2013,449417,281040,0.62534350057964
"Puducherry",2014,347015,154269,0.44456003342795
"Puducherry",2015,512566,312778,0.610219952162258
"Puducherry",2016,546734,341236,0.624135319917913
"Puducherry",2017,560994,312761,0.557512201556523
"Puducherry",2018,751605,456707,0.607642312118733
"Puducherry",2019,614953,345046,0.561093286804032
"Puducherry",2020,742820,480847,0.647326404781778
"Puducherry",2021,677681,408105,0.602208118569061
"Puducherry",2022,649450,339300,0.522442066363846
"Puducherry",2023,789106,455968,0.57782858069765
"Punjab",1980,46963,8845,0.188339756829845
"Punjab",1981,52417,7827,0.149321784917107
"Punjab",1982,55984,4829,0.0862567876536153
"Punjab",1983,67666,6208,0.0917447462536577
"Punjab",1984,76602,1429,0.0186548654082139
"Punjab",1985,92293,7501,0.0812737694082975
"Punjab",1986,96230,8143,0.0846201808167931
"Punjab",1987,131470,-1567,-0.011919068989123
"Punjab",1988,136428,-19518,-0.143064473568476
"Punjab",1989,189224,-8023,-0.0423994842091912
"Punjab",1991,249398,36353,0.145762997297492
"Punjab",1992,344620,68353,0.198343102547734
"Punjab",1993,353317,82296,0.232923974787514
"Punjab",1994,425959,70698,0.165973720475445
"Punjab",1995,483813,61083,0.126253325148353
"Punjab",1996,609883,128901,0.211353653077722
"Punjab",1997,579691,38826,0.0669770619174698
"Punjab",1998,582976,222133,0.381032838401581
"Punjab",1999,674816,223864,0.331740800455235
"Punjab",2000,525826,99666,0.189541787587529
"Punjab",2001,641931,216929,0.337931958419207
"Punjab",2002,668551,204696,0.306178586226032
"Punjab",2003,640986,205708,0.320924325960317
"Punjab",2004,699086,230201,0.329288528163917
"Punjab",2005,794528,247570,0.311593801602964
"Punjab",2006,1204510,529142,0.439300628471329
"Punjab",2007,1602362,769992,0.480535609306761
"Punjab",2008,1485679,433485,0.291775679672392
"Punjab",2009,1721644,602477,0.349942845326908
"Punjab",2010,2330016,1006628,0.432026217845714
"Punjab",2011,2109607,570753,0.270549443569347
"Punjab",2012,2332442,701626,0.300811767237942
"Punjab",2013,2384854,585640,0.245566395259416
"Punjab",2014,2549979,405589,0.159055819675378
"Punjab",2015,2671535,564550,0.211320458088702
"Punjab",2016,2914333,814545,0.279496200331259
"Punjab",2017,3154290,825499,0.261706754927416
"Punjab",2018,3419840,958469,0.280267205483298
"Punjab",2019,3421998,919773,0.268782448148713
"Punjab",2020,4190213,1328317,0.317004648689697
"Punjab",2021,5442222,2256268,0.414585807047195
"Punjab",2022,5974244,2445080,0.409270193852143
"Punjab",2023,6036580,2195119,0.363636197979651
"Rajasthan",1980,39734,5545,0.139553027633765
"Rajasthan",1981,44205,6892,0.155909964936093
"Rajasthan",1982,48104,1165,0.0242183602195244
"Rajasthan",1983,75488,17240,0.228380669775329
"Rajasthan",1984,69278,7258,0.104766303877133
"Rajasthan",1985,79658,-781,-0.00980441386929122
"Rajasthan",1986,100686,19116,0.189857577021632
"Rajasthan",1987,94975,-8274,-0.0871176625427744
"Rajasthan",1988,114326,-17009,-0.148776306352011
"Rajasthan",1989,145861,732,0.005018476494745
"Rajasthan",1991,213595,19237,0.0900629696388024
"Rajasthan",1992,279115,54200,0.194185192483385
"Rajasthan",1993,293585,3543,0.0120680552480542
"Rajasthan",1994,436853,90429,0.207000982023701
"Rajasthan",1995,504785,92482,0.183210673851244
"Rajasthan",1996,462750,-39904,-0.0862323068611561
"Rajasthan",1997,661409,95509,0.144402328967401
"Rajasthan",1998,452068,77637,0.171737437730607
"Rajasthan",1999,681097,136021,0.199708705221136
"Rajasthan",2000,646455,191411,0.296093308892344
"Rajasthan",2001,614425,135219,0.22007405297636
"Rajasthan",2002,609148,146771,0.240944729359696
"Rajasthan",2003,664803,216723,0.325995821318496
"Rajasthan",2004,806172,341957,0.424173749522434
"Rajasthan",2005,960316,449029,0.467584628393154
"Rajasthan",2006,1410892,807221,0.572135216586386
"Rajasthan",2007,1458637,708723,0.485880311551126
"Rajasthan",2008,1947755,1075223,0.552031954737634
"Rajasthan",2009,2366621,1230312,0.519860171949797
"Rajasthan",2010,2183082,740245,0.339082544769276
"Rajasthan",2011,4397739,2772309,0.630394163910137
"Rajasthan",2012,3516937,1805363,0.513333903905586
"Rajasthan",2013,3274979,1250164,0.381731913395475
"Rajasthan",2014,3959590,1609962,0.406598157890085
"Rajasthan",2015,4307648,1799535,0.417753493321646
"Rajasthan",2016,5022454,2032717,0.404725857120842
"Rajasthan",2017,5178733,1948843,0.37631656237153
"Rajasthan",2018,5678048,1991496,0.350736027592581
"Rajasthan",2019,6235791,2326104,0.373024689249527
"Rajasthan",2020,6872125,3009897,0.437986357931499
"Rajasthan",2021,8309574,4081066,0.491128185391935
"Rajasthan",2022,9037455,4123139,0.456227887165137
"Rajasthan",2023,10197959,4527894,0.444000020004003
"Sikkim",2009,176508,145919,0.82669907312983
"Sikkim",2010,285154,243688,0.854583838908099
"Sikkim",2011,348179,293304,0.842394285697874
"Sikkim",2012,374777,335689,0.89570331156928
"Sikkim",2013,423487,375663,0.88707091362899
"Sikkim",2014,456507,398713,0.87339953166107
"Sikkim",2015,544071,471665,0.866918104438575
"Sikkim",2016,1027918,885120,0.861080358550001
"Sikkim",2017,1141644,987655,0.865116446107543
"Sikkim",2018,1163279,991230,0.85209996913896
"Sikkim",2019,1021463,838530,0.820910791678211
"Sikkim",2020,925741,758183,0.819001210921845
"Sikkim",2021,1040594,854885,0.821535584483478
"Sikkim",2022,1223874,1002760,0.819332709086066
"Sikkim",2023,1570532,1318008,0.839211171755813
"Tamil Nadu",1980,140376,28421,0.202463384054254
"Tamil Nadu",1981,162687,35041,0.215389059974061
"Tamil Nadu",1982,191702,45830,0.239068971633055
"Tamil Nadu",1983,213585,42595,0.19942879883887
"Tamil Nadu",1984,270694,74018,0.273437904054024
"Tamil Nadu",1985,284782,57577,0.202179210764725
"Tamil Nadu",1986,314550,56542,0.179755205849626
"Tamil Nadu",1987,345978,38487,0.111241177184676
"Tamil Nadu",1988,449256,97563,0.217165713980448
"Tamil Nadu",1989,553715,126459,0.228382832323488
"Tamil Nadu",1991,725430,164508,0.226773086307431
"Tamil Nadu",1992,863466,214803,0.248768335985435
"Tamil Nadu",1993,1126215,428078,0.380103266250228
"Tamil Nadu",1994,1372479,447843,0.326302260362454
"Tamil Nadu",1995,1633808,526946,0.322526269916661
"Tamil Nadu",1996,1726046,443594,0.257000103125873
"Tamil Nadu",1997,1668833,214719,0.128664162321814
"Tamil Nadu",1998,1657539,351639,0.212145234591765
"Tamil Nadu",1999,1826297,337875,0.18500550567624
"Tamil Nadu",2000,2027214,448678,0.221327398094133
"Tamil Nadu",2001,1820720,342399,0.18805692253614
"Tamil Nadu",2002,1934122,304178,0.157269293250374
"Tamil Nadu",2003,2385711,666327,0.279299127178439
"Tamil Nadu",2004,2693848,844449,0.313473143250844
"Tamil Nadu",2005,3378260,1286303,0.380759029796404
"Tamil Nadu",2006,4522972,1768647,0.391036468941218
"Tamil Nadu",2007,4686292,1762741,0.376148349270596
"Tamil Nadu",2008,4883491,1088579,0.222910004339109
"Tamil Nadu",2009,7190615,2293290,0.31892821406792
"Tamil Nadu",2010,8546867,3184391,0.37257991729601
"Tamil Nadu",2011,9207935,2996569,0.325433335487273
"Tamil Nadu",2012,10881581,3903597,0.358734360383845
"Tamil Nadu",2013,10676358,2752985,0.257858063583106
"Tamil Nadu",2014,10999010,2156186,0.196034552200607
"Tamil Nadu",2015,13134983,3633109,0.276597921748357
"Tamil Nadu",2016,14304411,4004393,0.279941131445398
"Tamil Nadu",2017,16408288,5366734,0.327074585721557
"Tamil Nadu",2018,16828594,4962048,0.294858144417769
"Tamil Nadu",2019,16397599,3809274,0.232306815162391
"Tamil Nadu",2020,15969291,4405258,0.275858082866672
"Tamil Nadu",2021,19425720,6261346,0.322322467326822
"Tamil Nadu",2022,22685187,8118666,0.357884023614176
"Tamil Nadu",2023,25217514,8555491,0.339267819976228
"Tripura",1980,407,-39,-0.0958230958230958
"Tripura",1981,481,-66,-0.137214137214137
"Tripura",1982,704,-8,-0.0113636363636364
"Tripura",1983,752,-25,-0.0332446808510638
"Tripura",1984,1166,332,0.284734133790738
"Tripura",1985,824,-191,-0.231796116504854
"Tripura",1986,1266,46,0.0363349131121643
"Tripura",1987,1196,-251,-0.209866220735786
"Tripura",1988,1796,-620,-0.345211581291759
"Tripura",1989,1739,-1183,-0.680276020701553
"Tripura",1991,1545,-665,-0.43042071197411
"Tripura",1992,2644,532,0.201210287443268
"Tripura",1993,1954,-330,-0.168884339815763
"Tripura",1994,2335,-559,-0.239400428265525
"Tripura",1995,2271,-695,-0.306032584764421
"Tripura",1996,3210,-767,-0.238940809968847
"Tripura",1997,12076,8152,0.675057966213978
"Tripura",1998,3028,861,0.284346103038309
"Tripura",1999,2970,969,0.326262626262626
"Tripura",2000,13369,10697,0.800134639838432
"Tripura",2001,8013,4696,0.586047672532135
"Tripura",2002,4982,1569,0.31493376154155
"Tripura",2003,7392,3354,0.453733766233766
"Tripura",2004,23816,19301,0.810421565334229
"Tripura",2005,11731,5714,0.487085499957378
"Tripura",2006,14034,6715,0.478480832264501
"Tripura",2007,16335,7257,0.444260789715335
"Tripura",2008,20739,3350,0.161531414243695
"Tripura",2009,25318,10974,0.433446559759855
"Tripura",2010,39608,18989,0.479423348818421
"Tripura",2011,24787,3247,0.130996086658329
"Tripura",2012,39474,20040,0.507675938592491
"Tripura",2013,35052,16975,0.484280497546502
"Tripura",2014,50613,31664,0.625610021140814
"Tripura",2015,35373,8334,0.235603426342125
"Tripura",2016,38959,14790,0.379629867296389
"Tripura",2017,35357,11042,0.312300251718189
"Tripura",2018,32120,7075,0.220267745952677
"Tripura",2019,34592,9425,0.272461840888067
"Tripura",2020,41354,16708,0.404023794554336
"Tripura",2021,38983,11902,0.305312572146833
"Tripura",2022,43707,16283,0.372549019607843
"Tripura",2023,44844,13527,0.301645705111052
"Uttar Pradesh",1980,84494,-25189,-0.298115842545033
"Uttar Pradesh",1981,166741,52679,0.315933093840147
"Uttar Pradesh",1982,173268,25763,0.148688736523767
"Uttar Pradesh",1983,156715,-20674,-0.13192100309479
"Uttar Pradesh",1984,173123,-32315,-0.186659196062915
"Uttar Pradesh",1985,175630,-29528,-0.168126174343791
"Uttar Pradesh",1986,274248,32647,0.119041889093084
"Uttar Pradesh",1987,312965,30672,0.0980045692010289
"Uttar Pradesh",1988,363064,17213,0.0474103739285636
"Uttar Pradesh",1989,518945,52526,0.101216891963503
"Uttar Pradesh",1991,721101,165800,0.229926182323974
"Uttar Pradesh",1992,799832,112804,0.141034617269627
"Uttar Pradesh",1993,975915,118775,0.121706296142594
"Uttar Pradesh",1994,1239255,377844,0.304896086761804
"Uttar Pradesh",1995,1355541,374252,0.276090505561986
"Uttar Pradesh",1996,1661580,433384,0.260826442301905
"Uttar Pradesh",1997,1748888,415965,0.237845419489413
"Uttar Pradesh",1998,1372597,235654,0.171684769819546
"Uttar Pradesh",1999,1354433,272923,0.201503507371719
"Uttar Pradesh",2000,1351014,239599,0.177347533038148
"Uttar Pradesh",2001,1371617,329432,0.240177833899697
"Uttar Pradesh",2002,1576190,451306,0.286327155990077
"Uttar Pradesh",2003,1738059,645524,0.371405113405241
"Uttar Pradesh",2004,1990311,815214,0.409591264882724
"Uttar Pradesh",2005,2362101,1068390,0.452304960710825
"Uttar Pradesh",2006,3233775,1647329,0.50941361102736
"Uttar Pradesh",2007,3989320,1926742,0.482975043365787
"Uttar Pradesh",2008,5946958,3195046,0.537257199395052
"Uttar Pradesh",2009,5684692,2849896,0.50132812824336
"Uttar Pradesh",2010,8045931,4539313,0.564174984846378
"Uttar Pradesh",2011,7908902,3672881,0.464398345054724
"Uttar Pradesh",2012,8965963,4355786,0.485813514956508
"Uttar Pradesh",2013,10322118,4935415,0.478139757751268
"Uttar Pradesh",2014,9953464,4473975,0.449489243141885
"Uttar Pradesh",2015,12511371,6482972,0.518166394394347
"Uttar Pradesh",2016,15566181,8284376,0.532203499368278
"Uttar Pradesh",2017,13407819,6210821,0.463223809927625
"Uttar Pradesh",2018,13814418,6176835,0.447129585915237
"Uttar Pradesh",2019,13894859,5818511,0.418752791949886
"Uttar Pradesh",2020,14513178,6525024,0.449593052603641
"Uttar Pradesh",2021,17327205,8366480,0.482852254590397
"Uttar Pradesh",2022,19211418,8536369,0.444338309644816
"Uttar Pradesh",2023,22882103,10476443,0.457844412290252
"West Bengal",1980,150378,6502,0.0432377076434053
"West Bengal",1981,159040,-1310,-0.00823692152917505
"West Bengal",1982,179655,3052,0.0169881161114358
"West Bengal",1983,185899,-11207,-0.0602854238053997
"West Bengal",1984,207837,-13583,-0.0653540996069035
"West Bengal",1985,220690,-3607,-0.0163441932121981
"West Bengal",1986,220245,-18106,-0.082208449681037
"West Bengal",1987,281311,23178,0.082392796584563
"West Bengal",1988,256925,-49382,-0.192203950569232
"West Bengal",1989,272689,-55034,-0.201819655358302
"West Bengal",1991,425166,-23583,-0.0554677467154006
"West Bengal",1992,478897,-30665,-0.0640325581492471
"West Bengal",1993,594653,47489,0.0798600192044772
"West Bengal",1994,629645,15015,0.0238467707994187
"West Bengal",1995,748547,-12703,-0.0169702102873968
"West Bengal",1996,910982,81255,0.0891949566511742
"West Bengal",1997,1111417,239489,0.215480778141778
"West Bengal",1998,758752,6065,0.00799338914427903
"West Bengal",1999,700673,-116734,-0.166602680565685
"West Bengal",2000,711473,-111754,-0.157074126495313
"West Bengal",2001,803946,-96027,-0.119444589561986
"West Bengal",2002,913676,-24096,-0.0263725872191017
"West Bengal",2003,996962,105891,0.106213677151185
"West Bengal",2004,1268953,320740,0.252759558470645
"West Bengal",2005,1172303,233696,0.199347779541637
"West Bengal",2006,1385511,336718,0.243028023595626
"West Bengal",2007,1680478,516379,0.30728102361352
"West Bengal",2008,1942763,636575,0.32766477434458
"West Bengal",2009,2284587,808730,0.353993960396343
"West Bengal",2010,2513266,633606,0.252104631980857
"West Bengal",2011,2604406,402825,0.154670585154542
"West Bengal",2012,2709407,579471,0.213873736946867
"West Bengal",2013,2782961,386525,0.138889837119528
"West Bengal",2014,2496533,-175758,-0.0704008318736424
"West Bengal",2015,3060770,145795,0.0476334386445241
"West Bengal",2016,3709369,603701,0.162750322224616
"West Bengal",2017,4520705,1240011,0.274295933930659
"West Bengal",2018,5099797,1544302,0.302816367004412
"West Bengal",2019,4715543,935469,0.198379910860743
"West Bengal",2020,5609296,2053082,0.366014202138735
"West Bengal",2021,6862794,3029351,0.441416571734486
"West Bengal",2022,7212428,2939260,0.407527118468288
"West Bengal",2023,7915319,3131734,0.39565480557385
