"state","yr","dln_cpi"
"Andhra Pradesh",1971,0.0252334264107645
"Andhra Pradesh",1972,0.0747122626343932
"Andhra Pradesh",1973,0.149652921120427
"Andhra Pradesh",1974,0.233458315013504
"Andhra Pradesh",1975,0.15406569278773
"Andhra Pradesh",1976,-0.199707931689639
"Andhra Pradesh",1977,0.104270257781744
"Andhra Pradesh",1978,-0.0149783780933888
"Andhra Pradesh",1979,-0.0114548789747664
"Andhra Pradesh",1980,0.117270871752742
"Andhra Pradesh",1981,0.18449644410938
"Andhra Pradesh",1982,0.0492464726418715
"Andhra Pradesh",1983,0.0293698065170105
"Andhra Pradesh",1984,0.0536629986936053
"Andhra Pradesh",1985,0.0317720232897987
"Andhra Pradesh",1986,0.0297413070503509
"Andhra Pradesh",1987,0.0581132910938607
"Andhra Pradesh",1988,0.152351522105067
"Andhra Pradesh",1989,0.0571900059229753
"Andhra Pradesh",1990,-0.00282353128760615
"Andhra Pradesh",1991,0.173712276870711
"Andhra Pradesh",1992,0.267418157248588
"Andhra Pradesh",1993,-0.0248182159740322
"Andhra Pradesh",1994,0.0620547518679535
"Andhra Pradesh",1995,0.11635220917972
"Andhra Pradesh",1997,0.067924413780176
"Andhra Pradesh",1998,0.0960318607971491
"Andhra Pradesh",1999,0.0335592807510299
"Andhra Pradesh",2000,0.0316900032730363
"Andhra Pradesh",2001,-0.00260281250534256
"Andhra Pradesh",2002,0.0433520203891922
"Andhra Pradesh",2003,0.037472242619164
"Andhra Pradesh",2004,0.0150307016786346
"Andhra Pradesh",2005,0.0307788343526596
"Andhra Pradesh",2006,0.0549490608688661
"Andhra Pradesh",2007,0.0797584481259355
"Andhra Pradesh",2008,0.096349538777571
"Andhra Pradesh",2009,0.121360857004268
"Andhra Pradesh",2010,0.107488999433543
"Andhra Pradesh",2011,0.106867063630804
"Andhra Pradesh",2012,0.0783978714853939
"Andhra Pradesh",2013,0.129941482740198
"Andhra Pradesh",2014,0.0701486802588143
"Andhra Pradesh",2015,0.0631446895408407
"Andhra Pradesh",2016,0.0499268733868217
"Andhra Pradesh",2017,0.0254763158968085
"Andhra Pradesh",2018,0.0287716580000872
"Andhra Pradesh",2019,0.0966893962946784
"Andhra Pradesh",2020,0.0407341451485488
"Andhra Pradesh",2021,0.0700489759165937
"Andhra Pradesh",2022,0.0579414284861892
"Andhra Pradesh",2023,0.0600223572836551
"Andhra Pradesh",2024,0.220163031076829
"Assam",1971,0.0661024503638386
"Assam",1972,-0.00318344876889398
"Assam",1973,0.0781707662925095
"Assam",1974,0.314592787274798
"Assam",1975,0.0887814277525685
"Assam",1976,-0.183257724978412
"Assam",1977,0.098504770513272
"Assam",1978,0.025927378256136
"Assam",1979,0.104785787984544
"Assam",1980,0.111596908458301
"Assam",1981,0.0371636491691634
"Assam",1982,0.100565902433996
"Assam",1983,0.117294157621714
"Assam",1984,0.058714749888285
"Assam",1985,0.0257941777484287
"Assam",1986,0.0526629371848228
"Assam",1987,0.0763081930633245
"Assam",1988,0.0918930127250475
"Assam",1989,0.0913059295167251
"Assam",1990,0.0567868375909688
"Assam",1991,0.139108767132053
"Assam",1992,0.152810818766209
"Assam",1993,0.0582192851853245
"Assam",1994,0.0984035837873227
"Assam",1995,0.106574064723488
"Assam",1997,0.050463487684886
"Assam",1998,0.112370587902295
"Assam",1999,0.0702138155221643
"Assam",2000,0.0208069925059613
"Assam",2001,-0.0100893366530226
"Assam",2002,0.0113755104637674
"Assam",2003,0.0390723928801
"Assam",2004,0.0299547539406104
"Assam",2005,0.0119247776055174
"Assam",2006,0.0600387251685799
"Assam",2007,0.0768948866156833
"Assam",2008,0.0698608015284172
"Assam",2009,0.116689963694149
"Assam",2010,0.121797004311356
"Assam",2011,0.0898551425324579
"Assam",2012,0.0852513024268733
"Assam",2013,0.0797288467897959
"Assam",2014,0.0916113361650801
"Assam",2015,0.0251378777269204
"Assam",2016,0.00761729566171887
"Assam",2017,0.0324208995716111
"Assam",2018,0.0310125413351914
"Assam",2019,0.0718894852558725
"Assam",2020,0.0386478514138604
"Assam",2021,0.117239367435932
"Assam",2022,-0.0147130530139812
"Assam",2023,0.0234534884386104
"Assam",2024,0.197922497236434
"Bihar",1971,-0.0503022958755288
"Bihar",1972,0.0853936156867983
"Bihar",1973,0.231370323249549
"Bihar",1974,0.34472773188949
"Bihar",1975,-0.114274819651936
"Bihar",1976,-0.214051769282541
"Bihar",1977,0.162356242499804
"Bihar",1978,0.00576659489433773
"Bihar",1979,0.0397013668515518
"Bihar",1980,0.149885400933815
"Bihar",1981,0.109035244704748
"Bihar",1982,0.0934200752859082
"Bihar",1983,0.129129828044112
"Bihar",1984,-0.0429211379863235
"Bihar",1985,0.00232180276115823
"Bihar",1986,0.0763252312734037
"Bihar",1987,0.0416639262017036
"Bihar",1988,0.181221749149414
"Bihar",1989,0.0604897582307471
"Bihar",1990,0.0492627491150968
"Bihar",1991,0.144982118673469
"Bihar",1992,0.156749318589577
"Bihar",1993,0.0496398202906168
"Bihar",1994,0.0879565993226983
"Bihar",1995,0.0216737899660746
"Bihar",1997,0.0519821030407881
"Bihar",1998,0.0879334609645985
"Bihar",1999,0.0850637570823016
"Bihar",2000,-0.0116362885274848
"Bihar",2001,-0.0283748046138737
"Bihar",2002,0.034635496662756
"Bihar",2003,0.0366259694646365
"Bihar",2004,0.0447905894602867
"Bihar",2005,0.0469953685934081
"Bihar",2006,-0.528148792531409
"Bihar",2007,0.00842642441158947
"Bihar",2008,0.0765025376368635
"Bihar",2009,0.0953808411949701
"Bihar",2010,0.0903033675001002
"Bihar",2011,0.0508170673877793
"Bihar",2012,0.0654584844039263
"Bihar",2013,0.12135264678994
"Bihar",2014,0.0901137962924912
"Bihar",2015,0.0031349807968919
"Bihar",2016,0.0122135404620467
"Bihar",2017,-0.00194875971571307
"Bihar",2018,0.00515022597631543
"Bihar",2019,0.096243741409392
"Bihar",2020,0.0420281097945088
"Bihar",2021,0.0555886589299455
"Bihar",2022,0.0876381004997402
"Bihar",2023,0.0587174246144757
"Bihar",2024,0.197638260905848
"Gujarat",1971,-0.000477668984482094
"Gujarat",1972,0.133949365462374
"Gujarat",1973,0.176173710128408
"Gujarat",1974,0.156350680714593
"Gujarat",1975,0.168896511660017
"Gujarat",1976,-0.234214479429969
"Gujarat",1977,0.0629177265936036
"Gujarat",1978,0.0385966304767447
"Gujarat",1979,0.0301759303713158
"Gujarat",1980,0.124552617140327
"Gujarat",1981,0.140655006127172
"Gujarat",1982,0.013035765319878
"Gujarat",1983,0.0983936279979787
"Gujarat",1984,0.0568483578670165
"Gujarat",1985,0.0690049904221821
"Gujarat",1986,0.0705751502980805
"Gujarat",1987,0.0625107749495601
"Gujarat",1988,0.0835895184100766
"Gujarat",1989,0.0425254608301042
"Gujarat",1990,0.0843238200640322
"Gujarat",1991,0.152808882650146
"Gujarat",1992,0.230839537608506
"Gujarat",1993,-0.0334323162663708
"Gujarat",1994,0.122041301280707
"Gujarat",1995,0.125825052720161
"Gujarat",1997,0.049624112320533
"Gujarat",1998,0.103467092329365
"Gujarat",1999,0.0374511852889139
"Gujarat",2000,0.04279164913223
"Gujarat",2001,0.0219035013423365
"Gujarat",2002,0.0163110412314964
"Gujarat",2003,0.0363126129406375
"Gujarat",2004,0.0179167880250954
"Gujarat",2005,0.0479674097499645
"Gujarat",2006,-0.553576790718655
"Gujarat",2007,0.00763362485507191
"Gujarat",2008,0.0493903442414636
"Gujarat",2009,0.130025253295235
"Gujarat",2010,0.122769560156105
"Gujarat",2011,0.0670778239632872
"Gujarat",2012,0.0852114457317921
"Gujarat",2013,0.127111566355763
"Gujarat",2014,0.069671315267378
"Gujarat",2015,0.0559984016457449
"Gujarat",2016,0.0589983407619554
"Gujarat",2017,-0.000279056789866949
"Gujarat",2018,0.00861475384721988
"Gujarat",2019,0.0934469972525891
"Gujarat",2020,0.0371054191829714
"Gujarat",2021,0.0567985915882572
"Gujarat",2022,0.0717015480307968
"Gujarat",2023,0.057806773591615
"Gujarat",2024,0.21667278190422
"Haryana",1997,0.0882736315435579
"Haryana",1998,0.0969067517160918
"Haryana",1999,0.0333043027357762
"Haryana",2000,0.0110379368077318
"Haryana",2001,0.0232876361294956
"Haryana",2002,0.0209662138365703
"Haryana",2003,0.020535643691332
"Haryana",2004,0.0577716371839507
"Haryana",2005,0.0403860871152464
"Haryana",2006,0.0587495040721899
"Haryana",2007,0.0874402854242558
"Haryana",2008,0.107245530353597
"Haryana",2009,0.131344150658918
"Haryana",2010,0.143007945689006
"Haryana",2011,0.0700837059045396
"Haryana",2012,0.0855611412025965
"Haryana",2013,0.105831290320474
"Haryana",2014,0.0758775448214086
"Haryana",2015,0.0468638474479457
"Haryana",2016,0.0383662722062796
"Haryana",2017,0.0369485274751966
"Haryana",2018,0.0151403346314112
"Haryana",2019,0.068007328815872
"Haryana",2020,0.023432550486465
"Haryana",2021,0.0668879607785664
"Haryana",2022,0.0686983052810675
"Haryana",2023,0.0450069454484492
"Haryana",2024,0.211938808984043
"Himachal Pradesh",1997,0.0738472499517497
"Himachal Pradesh",1998,0.102678957390345
"Himachal Pradesh",1999,0.0599586091375759
"Himachal Pradesh",2000,0.0191188588579445
"Himachal Pradesh",2001,-0.00283045759304912
"Himachal Pradesh",2002,0.0251902488285589
"Himachal Pradesh",2003,0.0440671379356923
"Himachal Pradesh",2004,0.0271344589108145
"Himachal Pradesh",2005,0.0259160845796078
"Himachal Pradesh",2006,0.0671686184643257
"Himachal Pradesh",2007,0.0534251666735806
"Himachal Pradesh",2008,0.0355971638534793
"Himachal Pradesh",2009,0.0991840032800138
"Himachal Pradesh",2010,0.0983611402246778
"Himachal Pradesh",2011,0.0422367355102571
"Himachal Pradesh",2012,0.0833613521504946
"Himachal Pradesh",2013,0.0833940331513556
"Himachal Pradesh",2014,0.0990828152028147
"Himachal Pradesh",2015,0.0475076700361647
"Himachal Pradesh",2016,0.0368258666282681
"Himachal Pradesh",2017,0.0436344013603298
"Himachal Pradesh",2018,0.00827716047135585
"Himachal Pradesh",2019,0.046443023264799
"Himachal Pradesh",2020,0.026276709953482
"Himachal Pradesh",2021,0.0711185680331905
"Himachal Pradesh",2022,0.0547052257785303
"Himachal Pradesh",2023,0.0360964684903644
"Himachal Pradesh",2024,0.214353468705796
"Jammu and Kashmir",1971,-0.0166041550520353
"Jammu and Kashmir",1972,0.113093099104016
"Jammu and Kashmir",1973,0.215958763006342
"Jammu and Kashmir",1974,0.275560711919436
"Jammu and Kashmir",1975,0.166819535582696
"Jammu and Kashmir",1976,-0.0933650870335425
"Jammu and Kashmir",1977,0.0396366412235283
"Jammu and Kashmir",1978,0.00788958727516231
"Jammu and Kashmir",1979,0.000491038556392986
"Jammu and Kashmir",1980,0.0860290586395189
"Jammu and Kashmir",1981,0.0897665869194748
"Jammu and Kashmir",1982,0.100034436305773
"Jammu and Kashmir",1983,0.126521035363535
"Jammu and Kashmir",1984,0.0708078135462236
"Jammu and Kashmir",1985,0.0235767305639971
"Jammu and Kashmir",1986,0.0788125608780312
"Jammu and Kashmir",1987,0.0724105474887864
"Jammu and Kashmir",1988,0.0927622290576009
"Jammu and Kashmir",1989,0.0334879689903165
"Jammu and Kashmir",1990,0.0731940838190228
"Jammu and Kashmir",1991,0.121108379568097
"Jammu and Kashmir",1992,0.112186480728226
"Jammu and Kashmir",1993,0.100257973781895
"Jammu and Kashmir",1994,0.10437291337769
"Jammu and Kashmir",1995,0.0602356104635007
"Jammu and Kashmir",1997,0.075106823557749
"Jammu and Kashmir",1998,0.119727930920989
"Jammu and Kashmir",1999,0.0812376888952029
"Jammu and Kashmir",2000,0.0352011314843619
"Jammu and Kashmir",2001,0.00816539367088875
"Jammu and Kashmir",2002,0.0226140290011596
"Jammu and Kashmir",2003,0.033951239882196
"Jammu and Kashmir",2004,-0.00433213673913446
"Jammu and Kashmir",2005,0.0214754137255717
"Jammu and Kashmir",2006,0.0586786091370373
"Jammu and Kashmir",2007,0.0750298216396699
"Jammu and Kashmir",2008,0.0612804312180133
"Jammu and Kashmir",2009,0.12440871062852
"Jammu and Kashmir",2010,0.119801199812621
"Jammu and Kashmir",2011,0.0751616729676217
"Jammu and Kashmir",2012,0.0759411532353829
"Jammu and Kashmir",2013,0.10095522218991
"Jammu and Kashmir",2014,0.0649006244444275
"Jammu and Kashmir",2015,0.0286233217923053
"Jammu and Kashmir",2016,0.0355480145744584
"Jammu and Kashmir",2017,0.0348296452719641
"Jammu and Kashmir",2018,0.0336572603118395
"Jammu and Kashmir",2019,0.0650055090437931
"Jammu and Kashmir",2020,0.0394130897923555
"Jammu and Kashmir",2021,0.0730706989642087
"Jammu and Kashmir",2022,0.0678652311714254
"Jammu and Kashmir",2023,0.0437581415441448
"Jammu and Kashmir",2024,0.210547286485306
"Karnataka",1971,0.0316649146439687
"Karnataka",1972,0.0327898228229904
"Karnataka",1973,0.217850977948441
"Karnataka",1974,0.224490352864589
"Karnataka",1975,0.128167097782084
"Karnataka",1976,-0.172190712696602
"Karnataka",1977,0.0703234439230229
"Karnataka",1978,-0.0697610142119096
"Karnataka",1979,0.0448061753187377
"Karnataka",1980,0.14256306465487
"Karnataka",1981,0.222304038182491
"Karnataka",1982,0.0142687494507561
"Karnataka",1983,0.080735978027211
"Karnataka",1984,0.0855110440872817
"Karnataka",1985,0.023102829462462
"Karnataka",1986,0.0077349289866584
"Karnataka",1987,0.045626870123348
"Karnataka",1988,0.166365448247073
"Karnataka",1989,0.107216528694287
"Karnataka",1990,0.00383541098079565
"Karnataka",1991,0.167853031777524
"Karnataka",1992,0.210300191896675
"Karnataka",1993,-0.0101676643222541
"Karnataka",1994,0.0582260580207725
"Karnataka",1995,0.188444751432853
"Karnataka",1997,0.0373342948019699
"Karnataka",1998,0.0885112867590499
"Karnataka",1999,0.064396384828612
"Karnataka",2000,-0.00480898602444757
"Karnataka",2001,-0.0276965843804842
"Karnataka",2002,0.0396759636283051
"Karnataka",2003,0.058333812876274
"Karnataka",2004,0.0321776502356483
"Karnataka",2005,-0.0185416387751136
"Karnataka",2006,0.0324640912150089
"Karnataka",2007,0.104692831542979
"Karnataka",2008,0.104093074751753
"Karnataka",2009,0.144235171350953
"Karnataka",2010,0.113400458217545
"Karnataka",2011,0.129542436541676
"Karnataka",2012,0.0995641616607807
"Karnataka",2013,0.136499634637597
"Karnataka",2014,0.0507641087503732
"Karnataka",2015,0.0747345893217091
"Karnataka",2016,0.0674850405544634
"Karnataka",2017,0.0753473680001324
"Karnataka",2018,-0.0172011121345648
"Karnataka",2019,0.0520434970984587
"Karnataka",2020,0.0361104375970074
"Karnataka",2021,0.0911773584244946
"Karnataka",2022,0.0395423416336618
"Karnataka",2023,0.054012622706205
"Karnataka",2024,0.240099716671587
"Kerala",1971,0.0155041865359653
"Kerala",1972,0.00707550121620049
"Kerala",1973,0.129508426888744
"Kerala",1974,0.287251835384524
"Kerala",1975,0.225361590549189
"Kerala",1976,-0.180180404695366
"Kerala",1977,-0.0636833423201999
"Kerala",1978,0.0120262887372222
"Kerala",1979,0.0332256476283206
"Kerala",1980,0.0785332734246822
"Kerala",1981,0.114705513346378
"Kerala",1982,0.0902868466721003
"Kerala",1983,0.194178287396023
"Kerala",1984,0.126510388865158
"Kerala",1985,-0.0448140157897923
"Kerala",1986,0.0904656531445447
"Kerala",1987,0.0806583873377074
"Kerala",1988,0.0700174906724262
"Kerala",1989,0.0859477423654713
"Kerala",1990,0.0907510520156682
"Kerala",1991,0.118770669303596
"Kerala",1992,0.092993337318684
"Kerala",1993,0.132650655812149
"Kerala",1994,0.117753238722485
"Kerala",1995,0.0892020626928671
"Kerala",1997,0.062698594215564
"Kerala",1998,0.0457531140119354
"Kerala",1999,0.0257760363149835
"Kerala",2000,0.0319686254011797
"Kerala",2001,0.00991398675765165
"Kerala",2002,0.0116145324206931
"Kerala",2003,0.0360376656164867
"Kerala",2004,0.0280677363343527
"Kerala",2005,0.0155226997405089
"Kerala",2006,-0.578211797516073
"Kerala",2007,-0.0245922796433238
"Kerala",2008,0.112114017856578
"Kerala",2009,0.0920146451749222
"Kerala",2010,0.111940760032155
"Kerala",2011,0.107772377506569
"Kerala",2012,0.0547307690383727
"Kerala",2013,0.155146772163086
"Kerala",2014,0.110699483233725
"Kerala",2015,0.0526806491305401
"Kerala",2016,0.0432463704178208
"Kerala",2017,0.050643732818755
"Kerala",2018,0.0510756670136097
"Kerala",2019,0.0422219761949423
"Kerala",2020,0.0161313236755714
"Kerala",2021,0.0528723352397105
"Kerala",2022,0.0624928978439616
"Kerala",2023,0.0411369055604895
"Kerala",2024,0.209862197104693
"Madhya Pradesh",1971,-0.0111918266643007
"Madhya Pradesh",1972,0.107400950270266
"Madhya Pradesh",1973,0.174742678639183
"Madhya Pradesh",1974,0.34376582333101
"Madhya Pradesh",1975,0.0784295549837868
"Madhya Pradesh",1976,-0.27865451832356
"Madhya Pradesh",1977,0.102660796261309
"Madhya Pradesh",1978,-0.00147565201396294
"Madhya Pradesh",1979,0.0416978107335702
"Madhya Pradesh",1980,0.147043329368606
"Madhya Pradesh",1981,0.11244763118897
"Madhya Pradesh",1982,0.014643667620823
"Madhya Pradesh",1983,0.0956038128629917
"Madhya Pradesh",1984,0.0354118551642841
"Madhya Pradesh",1985,0.0830415007309764
"Madhya Pradesh",1986,0.0146701897477941
"Madhya Pradesh",1987,0.0533756479133878
"Madhya Pradesh",1988,0.123720974830928
"Madhya Pradesh",1989,0.13076174319813
"Madhya Pradesh",1990,0.0139643786511208
"Madhya Pradesh",1991,0.149750183782988
"Madhya Pradesh",1992,0.372374297567952
"Madhya Pradesh",1993,0.351393339057774
"Madhya Pradesh",1994,-0.422963729607083
"Madhya Pradesh",1995,0.0985843280546046
"Madhya Pradesh",1997,0.0601318410446243
"Madhya Pradesh",1998,0.0964566402337095
"Madhya Pradesh",1999,0.0524527479997383
"Madhya Pradesh",2000,0.015106842462143
"Madhya Pradesh",2001,-0.00187592176143525
"Madhya Pradesh",2002,0.00761577600373276
"Madhya Pradesh",2003,0.0162390524764779
"Madhya Pradesh",2004,0.0122349567358295
"Madhya Pradesh",2005,0.0558495225427551
"Madhya Pradesh",2006,-0.535890420443926
"Madhya Pradesh",2007,-0.00104591579454194
"Madhya Pradesh",2008,0.0857897576687554
"Madhya Pradesh",2009,0.127679690857977
"Madhya Pradesh",2010,0.102736619785313
"Madhya Pradesh",2011,0.0828200477843248
"Madhya Pradesh",2012,0.0828365931510051
"Madhya Pradesh",2013,0.0972355601920256
"Madhya Pradesh",2014,0.025819089781109
"Madhya Pradesh",2015,0.033604330689692
"Madhya Pradesh",2016,0.0389103541759948
"Madhya Pradesh",2017,0.00857374926555554
"Madhya Pradesh",2018,0.0139203671237578
"Madhya Pradesh",2019,0.0524411645913148
"Madhya Pradesh",2020,0.0223347656394761
"Madhya Pradesh",2021,0.0741493072782502
"Madhya Pradesh",2022,0.0681925035138935
"Madhya Pradesh",2023,0.0693943301253768
"Madhya Pradesh",2024,0.236524321996074
"Maharashtra",1971,0.0586374852529117
"Maharashtra",1972,0.111996738597468
"Maharashtra",1973,0.163678870508263
"Maharashtra",1974,0.16920346754331
"Maharashtra",1975,0.216141098784992
"Maharashtra",1976,-0.206259859353088
"Maharashtra",1977,0.00741332492289715
"Maharashtra",1978,-0.00582012224919914
"Maharashtra",1979,0.0760959126400893
"Maharashtra",1980,0.0956007248017308
"Maharashtra",1981,0.184739487852002
"Maharashtra",1982,0.00167053403118533
"Maharashtra",1983,0.0755244123606218
"Maharashtra",1984,0.064592260020353
"Maharashtra",1985,0.0167856231098114
"Maharashtra",1986,0.0669828205589278
"Maharashtra",1987,0.0826281746969029
"Maharashtra",1988,0.0750532761588216
"Maharashtra",1989,0.131297038112475
"Maharashtra",1990,-0.014879728579853
"Maharashtra",1991,0.220705957004708
"Maharashtra",1992,0.232733146495436
"Maharashtra",1993,-0.126333669705191
"Maharashtra",1994,0.130764463775914
"Maharashtra",1995,0.243113944141677
"Maharashtra",1997,0.0114548789747664
"Maharashtra",1998,0.103177855530483
"Maharashtra",1999,0.0391416872045047
"Maharashtra",2000,0.0346727285108841
"Maharashtra",2001,-0.0112406940934537
"Maharashtra",2002,0.0328165040754103
"Maharashtra",2003,0.0497045196125932
"Maharashtra",2004,0.0451689683679115
"Maharashtra",2005,0.0420539458636391
"Maharashtra",2006,0.0666013060465875
"Maharashtra",2007,0.0842867281458544
"Maharashtra",2008,0.0860271659887761
"Maharashtra",2009,0.128838924153086
"Maharashtra",2010,0.125713631289012
"Maharashtra",2011,0.11964738138464
"Maharashtra",2012,0.0957807437437097
"Maharashtra",2013,0.0781078302526348
"Maharashtra",2014,0.0561261267606996
"Maharashtra",2015,0.0634593798284735
"Maharashtra",2016,0.0529961751129093
"Maharashtra",2017,0.0241740929305623
"Maharashtra",2018,-8.71725581337302e-05
"Maharashtra",2019,0.12965543993914
"Maharashtra",2020,0.0463111514376342
"Maharashtra",2021,0.0552516727924051
"Maharashtra",2022,0.0574005152816346
"Maharashtra",2023,0.0515578096648497
"Maharashtra",2024,0.235536200435377
"Manipur",1997,0.0439034748595777
"Manipur",1998,0.0755777501144355
"Manipur",1999,0.0785729297128235
"Manipur",2000,0.047397131733578
"Manipur",2001,-0.0199236235691167
"Manipur",2002,-0.03856624531418
"Manipur",2003,0.0193322784089629
"Manipur",2004,0.0211103915276274
"Manipur",2005,0.0162043657280622
"Manipur",2006,-0.566822192465367
"Manipur",2007,-0.0218344159452917
"Manipur",2008,0.0902697702276889
"Manipur",2009,0.113847496080479
"Manipur",2010,0.126027988189245
"Manipur",2011,0.139591308469788
"Manipur",2012,0.0955934296258159
"Manipur",2013,0.0898394712589319
"Manipur",2014,0.117015702102701
"Manipur",2015,0.0501521676206096
"Manipur",2016,0.0229918886091163
"Manipur",2017,0.0374118444975151
"Manipur",2018,0.0389941099345457
"Manipur",2019,0.0819150004722351
"Manipur",2020,0.0308402032800963
"Manipur",2021,0.0430129450891075
"Manipur",2022,0.0177009947840245
"Manipur",2023,0.031031447661821
"Manipur",2024,0.214470630962202
"Meghalaya",1997,0.0630328338325388
"Meghalaya",1998,0.0999089080241609
"Meghalaya",1999,0.0923408024495229
"Meghalaya",2000,0.0378336629340534
"Meghalaya",2001,0.0125393492527355
"Meghalaya",2002,-0.00263947363797268
"Meghalaya",2003,-0.0024055821078548
"Meghalaya",2004,0.0277894619122367
"Meghalaya",2005,0.0336282262800989
"Meghalaya",2006,0.0748195778248419
"Meghalaya",2007,0.0678432688143946
"Meghalaya",2008,0.0779860894794835
"Meghalaya",2009,0.120020917256872
"Meghalaya",2010,0.0663795031119028
"Meghalaya",2011,0.0878402208000306
"Meghalaya",2012,0.10428288468356
"Meghalaya",2013,0.0878404269459203
"Meghalaya",2014,0.0704958435549967
"Meghalaya",2015,0.0270286723879192
"Meghalaya",2016,0.0444742317038633
"Meghalaya",2017,0.0219036819848473
"Meghalaya",2018,0.0450109068004663
"Meghalaya",2019,0.069812384569544
"Meghalaya",2020,0.0499515306084426
"Meghalaya",2021,0.0846571465017973
"Meghalaya",2022,0.0380808276274953
"Meghalaya",2023,0.0354940337584946
"Meghalaya",2024,0.230886065491646
"Odisha",1971,-0.00236034727994472
"Odisha",1972,0.116600769508821
"Odisha",1973,0.0772076646665614
"Odisha",1974,0.271655564260301
"Odisha",1975,0.243314606300928
"Odisha",1976,-0.241585143238599
"Odisha",1977,0.0479552187157717
"Odisha",1978,-0.0242926925690448
"Odisha",1979,0.0867702678865934
"Odisha",1980,0.146161289793779
"Odisha",1981,0.0576993930254437
"Odisha",1982,0.188999527917936
"Odisha",1983,0.125101692818578
"Odisha",1984,-0.111024257999925
"Odisha",1985,0.0520361026043625
"Odisha",1986,0.016348382950901
"Odisha",1987,0.0687638131447903
"Odisha",1988,0.150165842624283
"Odisha",1989,0.00550480306747136
"Odisha",1990,0.0250460319260872
"Odisha",1991,0.20212978291606
"Odisha",1992,0.0983197786391736
"Odisha",1993,0.0439759119789374
"Odisha",1994,0.104107739456168
"Odisha",1995,0.117568767688397
"Odisha",1997,0.0615680843938193
"Odisha",1998,0.0137097635940346
"Odisha",1999,0.147524231579824
"Odisha",2000,0.0170666474773045
"Odisha",2001,-0.0198026272961798
"Odisha",2002,-0.031306904625044
"Odisha",2003,0.0422061950830797
"Odisha",2004,0.0275308046543259
"Odisha",2005,0.0326792565107326
"Odisha",2006,-0.556908305671838
"Odisha",2007,0.0204965853068373
"Odisha",2008,0.0936429173006852
"Odisha",2009,0.105122108218385
"Odisha",2010,0.105950470355692
"Odisha",2011,0.0590243108820774
"Odisha",2012,0.0727965960506714
"Odisha",2013,0.136821476964689
"Odisha",2014,0.0932625464543166
"Odisha",2015,0.00391258673626993
"Odisha",2016,0.000669194760641645
"Odisha",2017,0.00600268587649744
"Odisha",2018,0.0436949554891752
"Odisha",2019,0.0762653233100723
"Odisha",2020,0.0337311514970038
"Odisha",2021,0.0602108371910175
"Odisha",2022,0.0560292655304711
"Odisha",2023,0.0425701905537474
"Odisha",2024,0.242527955860132
"Punjab",1971,-0.0051042220557509
"Punjab",1972,0.111651983443265
"Punjab",1973,0.107646230938682
"Punjab",1974,0.248570942335156
"Punjab",1975,0.0528012380653644
"Punjab",1976,-0.106853620889225
"Punjab",1977,0.0941048505650874
"Punjab",1978,0.0233335465666977
"Punjab",1979,0.0482050511005383
"Punjab",1980,0.158917133083958
"Punjab",1981,0.108981423212484
"Punjab",1982,0.0289979795923276
"Punjab",1983,0.0522248681490538
"Punjab",1984,0.0838330655681387
"Punjab",1985,0.0873341221335036
"Punjab",1986,0.0297944970495623
"Punjab",1987,0.0469772128984207
"Punjab",1988,0.154770380700587
"Punjab",1989,0.097989419358127
"Punjab",1990,0.0530024130771265
"Punjab",1991,0.142894204051667
"Punjab",1992,0.0917854553229871
"Punjab",1993,0.0956165054308586
"Punjab",1994,0.143513770579352
"Punjab",1995,0.0378327878784335
"Punjab",1997,0.0583686015667215
"Punjab",1998,0.108812494641964
"Punjab",1999,0.0310848848567176
"Punjab",2000,0.0280429646090594
"Punjab",2001,0.0143812126862137
"Punjab",2002,0.0210642260309886
"Punjab",2003,0.0201315304072791
"Punjab",2004,0.0450581513279094
"Punjab",2005,0.0390008564256963
"Punjab",2006,0.0922655295679746
"Punjab",2007,0.0783060936336186
"Punjab",2008,0.0956963547463712
"Punjab",2009,0.130301365975614
"Punjab",2010,0.116086943969235
"Punjab",2011,0.0712035035132637
"Punjab",2012,0.0991583891108094
"Punjab",2013,0.0977891205918562
"Punjab",2014,0.060550565113652
"Punjab",2015,0.0400672909229041
"Punjab",2016,0.035323555043707
"Punjab",2017,0.0476557340988206
"Punjab",2018,0.02065314283342
"Punjab",2019,0.0585496606070102
"Punjab",2020,0.0319125350176446
"Punjab",2021,0.0641526743823224
"Punjab",2022,0.0635212969718886
"Punjab",2023,0.0505503420811806
"Punjab",2024,0.222358724589817
"Rajasthan",1971,-0.130712106855241
"Rajasthan",1972,0.179146685717058
"Rajasthan",1973,0.24187907405602
"Rajasthan",1974,0.272121420786868
"Rajasthan",1975,0.0452565915881209
"Rajasthan",1976,-0.288240308440599
"Rajasthan",1977,0.167912780234767
"Rajasthan",1978,0.0553583953537533
"Rajasthan",1979,-0.0017882237489717
"Rajasthan",1980,0.199391432143261
"Rajasthan",1981,0.132797985917648
"Rajasthan",1982,-0.0207568608621829
"Rajasthan",1983,0.0233214345337727
"Rajasthan",1984,0.0897062423928912
"Rajasthan",1985,0.133656823794333
"Rajasthan",1986,0.0153916208256133
"Rajasthan",1987,0.0431478179541722
"Rajasthan",1988,0.165247744984016
"Rajasthan",1989,0.0578406019359106
"Rajasthan",1990,0.0787424002608699
"Rajasthan",1991,0.147818073639324
"Rajasthan",1992,0.13546613951245
"Rajasthan",1993,0.0151824392562121
"Rajasthan",1994,0.211950683100827
"Rajasthan",1995,0.0228786948767237
"Rajasthan",1997,0.0717439048588417
"Rajasthan",1998,0.0519994813995179
"Rajasthan",1999,0.0699263651046964
"Rajasthan",2000,0.0371019095911898
"Rajasthan",2001,-0.00671774661207714
"Rajasthan",2002,0.0279162086707734
"Rajasthan",2003,0.0199876868241891
"Rajasthan",2004,0.0211069501272085
"Rajasthan",2005,0.0860253181028643
"Rajasthan",2006,-0.526768243388845
"Rajasthan",2007,0.00136758837374362
"Rajasthan",2008,0.0802529399810092
"Rajasthan",2009,0.141562122879307
"Rajasthan",2010,0.0989433477756849
"Rajasthan",2011,0.0831435865638248
"Rajasthan",2012,0.0954168331986702
"Rajasthan",2013,0.11695320927956
"Rajasthan",2014,0.0701167038732686
"Rajasthan",2015,0.04984261120571
"Rajasthan",2016,0.0477432885517759
"Rajasthan",2017,0.0247404439803827
"Rajasthan",2018,-0.00165368417510692
"Rajasthan",2019,0.103197900144065
"Rajasthan",2020,0.0239871776451563
"Rajasthan",2021,0.0387426692290571
"Rajasthan",2022,0.0864701049872396
"Rajasthan",2023,0.0475131483427731
"Rajasthan",2024,0.207231892292128
"Tamil Nadu",1971,0.0182205461135281
"Tamil Nadu",1972,0.0452565915881209
"Tamil Nadu",1973,0.0904714606861017
"Tamil Nadu",1974,0.456933542102637
"Tamil Nadu",1975,0.215796432694081
"Tamil Nadu",1976,-0.334123511887364
"Tamil Nadu",1977,0.0571103957851511
"Tamil Nadu",1978,-0.0242369341146551
"Tamil Nadu",1979,0.0444396414321746
"Tamil Nadu",1980,0.125398409394333
"Tamil Nadu",1981,0.196298541644725
"Tamil Nadu",1982,-0.0122533868057655
"Tamil Nadu",1983,0.190118867253987
"Tamil Nadu",1984,0.00629085065215218
"Tamil Nadu",1985,-0.00257607613077138
"Tamil Nadu",1986,0.07856590499261
"Tamil Nadu",1987,0.0754696165494586
"Tamil Nadu",1988,0.096866834817499
"Tamil Nadu",1989,0.0665983024952705
"Tamil Nadu",1990,0.0487845757196403
"Tamil Nadu",1991,0.132636838164779
"Tamil Nadu",1992,0.162783185886732
"Tamil Nadu",1993,0.0258645724723579
"Tamil Nadu",1994,0.105376726923034
"Tamil Nadu",1995,0.146375313300315
"Tamil Nadu",1997,0.0253342552174543
"Tamil Nadu",1998,0.0747492033395281
"Tamil Nadu",1999,0.0589425356334505
"Tamil Nadu",2000,0.0142083460021647
"Tamil Nadu",2001,0.00414079266603196
"Tamil Nadu",2002,0.0650549167080445
"Tamil Nadu",2003,0.094746825956272
"Tamil Nadu",2004,-0.0237597301803021
"Tamil Nadu",2005,0.00312087637775171
"Tamil Nadu",2006,0.0399395343175746
"Tamil Nadu",2007,0.0627087735499883
"Tamil Nadu",2008,0.109892734487382
"Tamil Nadu",2009,0.115886319853687
"Tamil Nadu",2010,0.104773529469676
"Tamil Nadu",2011,0.0878787864029755
"Tamil Nadu",2012,0.0871892971039676
"Tamil Nadu",2013,0.146123017214673
"Tamil Nadu",2014,0.0738583315141508
"Tamil Nadu",2015,0.0790838305337474
"Tamil Nadu",2016,0.0676957163337688
"Tamil Nadu",2017,0.0789781116497652
"Tamil Nadu",2018,0.0335171837472874
"Tamil Nadu",2019,0.0933399386211908
"Tamil Nadu",2020,0.0470049160140889
"Tamil Nadu",2021,0.0621309352039052
"Tamil Nadu",2022,0.0517517535440666
"Tamil Nadu",2023,0.0514091951953839
"Tamil Nadu",2024,0.224962998490291
"Tripura",1997,0.0790621369028237
"Tripura",1998,0.158896500196526
"Tripura",1999,0.104010968412673
"Tripura",2000,0.0383052537675823
"Tripura",2001,-0.05027209792798
"Tripura",2002,0.0196948578918095
"Tripura",2003,-0.00928080907447271
"Tripura",2004,0.0423437575742165
"Tripura",2005,0.0128270135597548
"Tripura",2006,0.0780044327067317
"Tripura",2007,0.0757259907579631
"Tripura",2008,0.0502103206253022
"Tripura",2009,0.0795044241696941
"Tripura",2010,0.0696941208467337
"Tripura",2011,0.10204925435417
"Tripura",2012,0.0565190442020489
"Tripura",2013,0.0920188987202524
"Tripura",2014,0.12835856190347
"Tripura",2015,0.0493288484461436
"Tripura",2016,0.0422884381198134
"Tripura",2017,-0.0276977688526703
"Tripura",2018,0.0467662560723348
"Tripura",2019,0.0817214789155853
"Tripura",2020,0.0257261260113699
"Tripura",2021,0.0287708990907758
"Tripura",2022,0.0477372554119864
"Tripura",2023,0.0459811676787565
"Tripura",2024,0.213522503040442
"Uttar Pradesh",1971,-0.0756588460683707
"Uttar Pradesh",1972,0.172409751936207
"Uttar Pradesh",1973,0.195528384281237
"Uttar Pradesh",1974,0.300874666237764
"Uttar Pradesh",1975,-0.0268859209179855
"Uttar Pradesh",1976,-0.269200228587981
"Uttar Pradesh",1977,0.18682308696925
"Uttar Pradesh",1978,0.0629685972456162
"Uttar Pradesh",1979,0.00741476456913226
"Uttar Pradesh",1980,0.218354955784084
"Uttar Pradesh",1981,0.0992253443751467
"Uttar Pradesh",1982,-0.0311302101227282
"Uttar Pradesh",1983,0.138281557204724
"Uttar Pradesh",1984,0.0279471983472028
"Uttar Pradesh",1985,0.0603113876713524
"Uttar Pradesh",1986,0.0463792795851221
"Uttar Pradesh",1987,0.0793820661774687
"Uttar Pradesh",1988,0.172588960945149
"Uttar Pradesh",1989,0.0655226117533196
"Uttar Pradesh",1990,0.0582109107725053
"Uttar Pradesh",1991,0.196717198869044
"Uttar Pradesh",1992,0.0788326087011324
"Uttar Pradesh",1993,0.0362470779287527
"Uttar Pradesh",1994,0.172304580643841
"Uttar Pradesh",1995,0.0638830373969128
"Uttar Pradesh",1997,0.0595336008102025
"Uttar Pradesh",1998,0.0918688311022944
"Uttar Pradesh",1999,0.0524803068747488
"Uttar Pradesh",2000,-0.00523633551432567
"Uttar Pradesh",2001,0.0191576740329333
"Uttar Pradesh",2002,0.0304348103315846
"Uttar Pradesh",2003,0.0274913578646947
"Uttar Pradesh",2004,0.03962404011427
"Uttar Pradesh",2005,0.0381136338840493
"Uttar Pradesh",2006,-0.512602349137142
"Uttar Pradesh",2007,-0.00118623975950616
"Uttar Pradesh",2008,0.068795027980519
"Uttar Pradesh",2009,0.106578610044639
"Uttar Pradesh",2010,0.0901053021095786
"Uttar Pradesh",2011,0.0573353803810939
"Uttar Pradesh",2012,0.0824529440859019
"Uttar Pradesh",2013,0.108757982679644
"Uttar Pradesh",2014,0.0675878780045327
"Uttar Pradesh",2015,0.0416930073155415
"Uttar Pradesh",2016,0.0510705288049724
"Uttar Pradesh",2017,-0.0446212808872355
"Uttar Pradesh",2018,0.0307173678564174
"Uttar Pradesh",2019,0.0817942485736696
"Uttar Pradesh",2020,0.0333395078308865
"Uttar Pradesh",2021,0.0435761907685279
"Uttar Pradesh",2022,0.0680041256594608
"Uttar Pradesh",2023,0.0389073317655715
"Uttar Pradesh",2024,0.214233894881852
"West Bengal",1971,0.00935536617935107
"West Bengal",1972,0.0295194948379898
"West Bengal",1973,0.10512463878446
"West Bengal",1974,0.307130780084029
"West Bengal",1975,0.0294930980569221
"West Bengal",1976,-0.0829531810978708
"West Bengal",1977,0.10346415527586
"West Bengal",1978,-0.0665377122139237
"West Bengal",1979,0.112506134123
"West Bengal",1980,0.107297630907679
"West Bengal",1981,0.0569695920871212
"West Bengal",1982,0.138784425190772
"West Bengal",1983,0.0963257627409595
"West Bengal",1984,-0.0185694466596589
"West Bengal",1985,0.0434747984615704
"West Bengal",1986,0.0880550771945403
"West Bengal",1987,0.0588647848352135
"West Bengal",1988,0.0728765095648596
"West Bengal",1989,0.0631560932812807
"West Bengal",1990,0.0796301183106953
"West Bengal",1991,0.164691183580763
"West Bengal",1992,0.0933825644645259
"West Bengal",1993,0.038263834999019
"West Bengal",1994,0.0969606511448786
"West Bengal",1995,0.0836785499548594
"West Bengal",1997,0.0366040522621098
"West Bengal",1998,0.146007822431982
"West Bengal",1999,0.0802882954668247
"West Bengal",2000,-0.0596038464406012
"West Bengal",2001,0.0188711416208394
"West Bengal",2002,0.0149545849832462
"West Bengal",2003,0.0297882842802446
"West Bengal",2004,0.0466534112196975
"West Bengal",2005,0.0315815720502988
"West Bengal",2006,0.0406147191541901
"West Bengal",2007,0.0693244914535125
"West Bengal",2008,0.095631645691526
"West Bengal",2009,0.104255043458417
"West Bengal",2010,0.159591572041762
"West Bengal",2011,0.069147156760728
"West Bengal",2012,0.0630525363994234
"West Bengal",2013,0.122862268960657
"West Bengal",2014,0.0741762898309473
"West Bengal",2015,0.00674893306809565
"West Bengal",2016,0.0107480745142086
"West Bengal",2017,0.0404073781980721
"West Bengal",2018,0.0391401199875379
"West Bengal",2019,0.0286996511043363
"West Bengal",2020,0.0291357672683059
"West Bengal",2021,0.0687963449346309
"West Bengal",2022,0.0724899155621435
"West Bengal",2023,0.043852154990633
"West Bengal",2024,0.196495804927364
"all-India",1971,-0.00559261513606035
"all-India",1972,0.0859322790107395
"all-India",1973,0.161588171853324
"all-India",1974,0.295566035120149
"all-India",1975,0.0799270271829222
"all-India",1976,-0.217260842152603
"all-India",1977,0.0974512286913614
"all-India",1978,-0.00287318990917651
"all-India",1979,0.0447587813639325
"all-India",1980,0.140479435095124
"all-India",1981,0.128519942981566
"all-India",1982,0.0484988737508267
"all-India",1983,0.109575944532566
"all-India",1984,0.0198730185113849
"all-India",1985,0.0324233626946544
"all-India",1986,0.0527866808214847
"all-India",1987,0.0691005979206736
"all-India",1988,0.12521959388405
"all-India",1989,0.0784875915412506
"all-India",1990,0.0374254926060065
"all-India",1991,0.165793751005461
"all-India",1992,0.15843100146633
"all-India",1993,0.0153052380857295
"all-India",1994,0.111661579542287
"all-India",1995,0.10326171757518
