"state","yr","dln_icrisat"
"Andhra Pradesh",1967,0.0100089148773215
"Andhra Pradesh",1968,0.210527691009748
"Andhra Pradesh",1969,-0.301862187373495
"Andhra Pradesh",1970,0.00894574655845837
"Andhra Pradesh",1971,0.38056042892809
"Andhra Pradesh",1974,0.0910077993141005
"Andhra Pradesh",1999,0.119583216160532
"Andhra Pradesh",2000,-0.0933536617811726
"Assam",1969,-0.256921957863204
"Assam",1970,0.227934420989952
"Assam",1971,0.0611873239082064
"Assam",1972,0.0597106808984682
"Assam",1973,0.0510430632700052
"Assam",1974,0.340160212281585
"Assam",1975,-0.208169597910167
"Assam",1976,0.00417998334532665
"Assam",1977,-0.0213528134958993
"Assam",1978,0.0208988428664876
"Assam",1981,-0.210270211582326
"Assam",1982,0.095588172138453
"Assam",1983,0.0361626448735164
"Assam",1984,-0.0156596870899754
"Assam",1985,-0.0577623277374464
"Assam",1986,0.0234871824390046
"Assam",1987,0.231525118414829
"Assam",1988,0.0697180151919419
"Assam",1989,0.0565860225543702
"Assam",1990,0.0211313484831681
"Assam",1991,0.131927543042548
"Assam",1992,0.132125911015788
"Assam",1993,0.166729462034119
"Assam",1994,0.158224005214894
"Assam",1995,0.111439561734208
"Assam",1999,0.387482605557732
"Assam",2000,0.252284686221709
"Assam",2001,-0.971301246760072
"Assam",2002,-0.0350913198112703
"Assam",2003,0.0528634895570681
"Assam",2004,0.198450938723838
"Assam",2005,0.209720530982069
"Assam",2006,-0.129677823308533
"Assam",2007,0.106590528113026
"Assam",2008,-0.0723129787572647
"Assam",2009,0.0157328712189004
"Assam",2010,0.00389484426154052
"Assam",2011,-0.00552218392091586
"Assam",2014,0.0809278930860966
"Assam",2015,0.707962445816419
"Assam",2016,-0.599798930334221
"Bihar",1967,-0.342757798352634
"Bihar",1968,0.0288356033106583
"Bihar",1969,0.0378199245292956
"Bihar",1970,-0.0809118239310251
"Bihar",1971,-0.0369440815580084
"Bihar",1972,0.270085211005509
"Bihar",1973,0.502325759446847
"Bihar",1974,-0.174132459900942
"Bihar",1975,-0.274571906527573
"Bihar",1976,0.0512074880760682
"Bihar",1977,-0.0280229828847771
"Bihar",1978,-0.00663614625366282
"Bihar",1979,0.127687440185405
"Bihar",1980,0.152685564139627
"Bihar",1981,0.158475660213272
"Bihar",1982,0.156740219439953
"Bihar",1983,-0.221883765311189
"Bihar",1984,0.00936632756411537
"Bihar",1985,0.0353535075666294
"Bihar",1986,0.0943976945223408
"Bihar",1987,0.174606731855141
"Bihar",1988,0.0546105586096814
"Bihar",1989,0.0814596565084447
"Bihar",1990,0.141152909321299
"Bihar",1991,0.275928486275793
"Bihar",1992,-0.15814545061941
"Bihar",1993,0.106519264339044
"Bihar",1994,0.0682253506139787
"Bihar",1995,0.0752807380607523
"Bihar",1996,0.0919527474819599
"Bihar",1997,0.0339625579746006
"Bihar",1998,0.106067916872222
"Bihar",1999,0.00439070472817793
"Bihar",2000,-0.090101127501363
"Bihar",2001,0.00905959604542428
"Bihar",2002,0.0364750036642416
"Bihar",2003,0.0534131990102065
"Bihar",2004,0.0349085681803807
"Bihar",2005,0.242366248631831
"Bihar",2006,0.152428026515812
"Bihar",2007,0.0770319907973729
"Bihar",2008,0.0146142225944716
"Bihar",2009,0.0686432211337387
"Bihar",2010,0.0298769626696913
"Bihar",2011,0.026982208795304
"Bihar",2012,0.134533049294163
"Bihar",2013,0.0362617471508146
"Bihar",2014,0.06019128992076
"Bihar",2015,-0.0628809796252368
"Bihar",2016,0.0123474348573351
"Chhattisgarh",1967,0.246085898615057
"Chhattisgarh",1968,0.00954310784364054
"Chhattisgarh",1969,-0.0167606833601379
"Chhattisgarh",1970,-0.0786042924660091
"Chhattisgarh",1971,0.0347517694696702
"Chhattisgarh",1972,0.189155002673329
"Chhattisgarh",1973,0.195723161327661
"Chhattisgarh",1974,0.455436874617379
"Chhattisgarh",1975,-0.191712245281154
"Chhattisgarh",1976,-0.089735809430401
"Chhattisgarh",1977,-0.0247175823838592
"Chhattisgarh",1978,-0.120489744061204
"Chhattisgarh",1979,0.318760482270529
"Chhattisgarh",1980,0.017497255904976
"Chhattisgarh",1981,0.0513537986077388
"Chhattisgarh",1982,0.2059130130874
"Chhattisgarh",1983,0.0590510934821529
"Chhattisgarh",1984,-0.121024678723175
"Chhattisgarh",1985,0.0277036327665332
"Chhattisgarh",1986,0.00366086219368089
"Chhattisgarh",1987,0.123879060557588
"Chhattisgarh",1988,0.229226706267615
"Chhattisgarh",1989,-0.038546316043333
"Chhattisgarh",1990,0.0945774386159926
"Chhattisgarh",1991,0.145696178345692
"Chhattisgarh",1992,0.096450137341404
"Chhattisgarh",1993,0.114781023581721
"Chhattisgarh",1994,0.0688796250512622
"Chhattisgarh",1995,0.20331936044322
"Chhattisgarh",1996,0.163844225054837
"Chhattisgarh",1997,0.0501229227846451
"Chhattisgarh",1998,-0.188041425306667
"Chhattisgarh",1999,0.17256661784399
"Chhattisgarh",2000,0.027498750723165
"Chhattisgarh",2001,-0.032817346390047
"Chhattisgarh",2002,0.00828469953638766
"Chhattisgarh",2005,0.0817791838164563
"Chhattisgarh",2006,0.156019906922042
"Chhattisgarh",2007,0.112616500016839
"Chhattisgarh",2008,0.156919036288919
"Chhattisgarh",2009,0.122056760224486
"Chhattisgarh",2010,-0.0258579584870278
"Chhattisgarh",2011,0.0909637780922701
"Chhattisgarh",2012,0.0376039929786804
"Chhattisgarh",2013,0.168164588993701
"Chhattisgarh",2014,-0.00622316794930189
"Chhattisgarh",2015,0.203018710356356
"Chhattisgarh",2016,0.0613547837814981
"Gujarat",1967,-0.4643729709377
"Gujarat",1968,0.0736470807144602
"Gujarat",1969,-0.00441028189673087
"Gujarat",1970,-0.155495509161931
"Gujarat",1971,0.087406712041231
"Gujarat",1972,0.294976376083419
"Gujarat",1973,0.265223822709458
"Gujarat",1974,0.0751376866749167
"Gujarat",1975,-0.403488379836983
"Gujarat",1976,0.0922535868965184
"Gujarat",1977,0.103702249207109
"Gujarat",1978,-0.0078674660913558
"Gujarat",1979,0.0704631883363698
"Gujarat",1980,0.173052341462403
"Gujarat",1981,0.0577608574471009
"Gujarat",1982,0.128535945176954
"Gujarat",1983,-0.123153410844606
"Gujarat",1984,0.10923220804372
"Gujarat",1985,0.17359562699086
"Gujarat",1986,0.0244558798870589
"Gujarat",1987,0.126435667951321
"Gujarat",1988,-0.0589299645434291
"Gujarat",1989,0.0451747860574088
"Gujarat",1990,0.251048180892336
"Gujarat",1991,0.150762434506699
"Gujarat",1992,-0.0470153103453654
"Gujarat",1993,0.186325036855115
"Gujarat",1994,-0.0151920886171268
"Gujarat",1995,0.0707064737983174
"Gujarat",1996,0.259148893049166
"Gujarat",1997,-0.0746286633673723
"Gujarat",1998,0.093639629453186
"Gujarat",1999,0.0710450984891429
"Gujarat",2000,0.00896253276857273
"Gujarat",2001,0.0597397027825535
"Gujarat",2002,0.0120572422529559
"Gujarat",2003,-0.00177997957455656
"Gujarat",2004,0.00887350112990504
"Gujarat",2005,0.0355917325386885
"Gujarat",2006,0.183761169416671
"Gujarat",2007,0.0352693189988393
"Gujarat",2008,0.0564075599978935
"Gujarat",2009,0.204921493464376
"Gujarat",2010,-0.0247304226543834
"Gujarat",2011,-0.00656382900226404
"Gujarat",2012,0.202903271518474
"Gujarat",2013,0.0791247326795927
"Gujarat",2014,-0.0505839826716201
"Gujarat",2015,-0.00953698541615644
"Gujarat",2016,0.039042114820627
"Haryana",1967,-0.220786179921859
"Haryana",1968,0.0326707822895482
"Haryana",1969,0.0465200156348935
"Haryana",1970,-0.0953101798043257
"Haryana",1971,0.0653194661206431
"Haryana",1972,0.140096446475953
"Haryana",1973,0.215992845908705
"Haryana",1974,-0.00352113039857915
"Haryana",1975,-0.135128367118157
"Haryana",1976,0.0356944701299708
"Haryana",1977,0.0375960174262788
"Haryana",1978,0.0374391685166353
"Haryana",1979,0.0996817714658205
"Haryana",1980,0.0576308576551803
"Haryana",1981,0.133106657594873
"Haryana",1982,0.0163564445514863
"Haryana",1983,0.0339902002285513
"Haryana",1984,0.012771565679488
"Haryana",1985,-0.0102041701742417
"Haryana",1986,0.0984133630548403
"Haryana",1987,0.0513320233045009
"Haryana",1988,0.0812306585981384
"Haryana",1989,0.0788939424696631
"Haryana",1990,0.156923366188344
"Haryana",1991,0.190239395410247
"Haryana",1992,0.450254999162482
"Haryana",1993,0.0674146738376065
"Haryana",1994,0.0304235632851055
"Haryana",1995,0.0875696935198107
"Haryana",1996,-0.0308168769273616
"Haryana",1997,0.239821603023977
"Haryana",1998,-0.310631005437326
"Haryana",1999,0.0846275856343537
"Haryana",2000,-0.00454491871923768
"Haryana",2001,0.0211133450664702
"Haryana",2002,0.040709312115494
"Haryana",2003,0.00740993622870434
"Haryana",2004,0.0649578962747732
"Haryana",2005,0.0268889002163304
"Haryana",2006,0.556208629613809
"Haryana",2007,0.100306321511117
"Haryana",2008,0.1264076401045
"Haryana",2009,0.117459960949891
"Haryana",2010,-0.0690274311109462
"Haryana",2011,-0.183877977341613
"Haryana",2012,0.35442943401315
"Haryana",2013,0.113848184949129
"Haryana",2014,0.0478211268254904
"Haryana",2015,0.257809791416635
"Haryana",2016,-0.222784420407136
"Himachal Pradesh",1967,-0.0199706172314196
"Himachal Pradesh",1968,-0.13346995410296
"Himachal Pradesh",1969,0.0651363256569244
"Himachal Pradesh",1970,-0.0242163649827507
"Himachal Pradesh",1971,-0.0683438132162406
"Himachal Pradesh",1972,0.256081470492799
"Himachal Pradesh",1973,0.212432938471606
"Himachal Pradesh",1974,0.00328652872868673
"Himachal Pradesh",1975,-0.116561673213154
"Himachal Pradesh",1976,-0.024367183651453
"Himachal Pradesh",1977,-0.00692802632289169
"Himachal Pradesh",1978,0.0215787472360285
"Himachal Pradesh",1979,0.116582163808131
"Himachal Pradesh",1980,0.0464672483931725
"Himachal Pradesh",1981,0.0895745762181823
"Himachal Pradesh",1982,0.163367792693338
"Himachal Pradesh",1983,-0.0121539754569415
"Himachal Pradesh",1984,0.114224344106977
"Himachal Pradesh",1985,-0.00425380579096846
"Himachal Pradesh",1986,0.0331771270046843
"Himachal Pradesh",1987,0.0725220527681474
"Himachal Pradesh",1988,0.0568137335772017
"Himachal Pradesh",1989,0.0491322122290576
"Himachal Pradesh",1990,0.0957098270643337
"Himachal Pradesh",1991,0.127227564397645
"Himachal Pradesh",1992,0.0640983596417088
"Himachal Pradesh",1993,0.161658663814499
"Himachal Pradesh",1994,-0.0302202361399244
"Himachal Pradesh",1995,0.118515808284531
"Himachal Pradesh",1996,0.0135114556196765
"Himachal Pradesh",1997,0.0917141436860831
"Himachal Pradesh",1998,0.127571042022547
"Himachal Pradesh",1999,0.0738445324312149
"Himachal Pradesh",2000,0.111625288749061
"Himachal Pradesh",2001,-0.0338648099333838
"Himachal Pradesh",2002,0.0228830469640098
"Himachal Pradesh",2003,0.0225027802928484
"Himachal Pradesh",2004,-0.00139076990539522
"Himachal Pradesh",2005,0.0427866615979777
"Himachal Pradesh",2006,0.110853235254881
"Himachal Pradesh",2007,0.0940347481447263
"Himachal Pradesh",2008,0.0680317950074008
"Himachal Pradesh",2009,0.213481640402473
"Himachal Pradesh",2010,0.679934056854487
"Himachal Pradesh",2011,-0.0226454806846137
"Himachal Pradesh",2012,-0.134020295966569
"Himachal Pradesh",2013,0.381120184666747
"Himachal Pradesh",2014,-0.561501341460666
"Himachal Pradesh",2015,0.0523511107567263
"Himachal Pradesh",2016,0.0932822160696425
"Jharkhand",1967,-0.265290461353902
"Jharkhand",1968,-0.0272156620470447
"Jharkhand",1969,0.0684620633722339
"Jharkhand",1970,-0.0933986800024211
"Jharkhand",1971,-0.0441654266523388
"Jharkhand",1972,0.253030230555139
"Jharkhand",1973,0.504095565191947
"Jharkhand",1974,-0.206774411272471
"Jharkhand",1975,-0.274574597591148
"Jharkhand",1976,0.0578523027916331
"Jharkhand",1977,-0.0410842435233656
"Jharkhand",1978,-0.0495919777503016
"Jharkhand",1979,0.183556171623974
"Jharkhand",1980,0.159465832556926
"Jharkhand",1981,0.155133547507337
"Jharkhand",1982,0.105531232792144
"Jharkhand",1983,-0.160803335014921
"Jharkhand",1984,-0.00402920856417577
"Jharkhand",1985,0.0184115632940101
"Jharkhand",1986,0.0414586913047703
"Jharkhand",1987,0.140168132721538
"Jharkhand",1988,0.0790186286843024
"Jharkhand",1989,-0.026317308317374
"Jharkhand",1990,0.229754814501451
"Jharkhand",1991,0.26310127469616
"Jharkhand",1992,-0.0691332125158812
"Jharkhand",1993,0.0346556532345268
"Jharkhand",1994,0.0872125938226267
"Jharkhand",1995,0.0476524286950468
"Jharkhand",1998,0.320350078193717
"Jharkhand",1999,-0.0739343459704571
"Jharkhand",2007,0.166768416286499
"Jharkhand",2012,0.122402752775131
"Jharkhand",2013,0.0808966641053397
"Jharkhand",2014,0.0197437109814311
"Jharkhand",2015,0.0383551085156517
"Jharkhand",2016,0.0494036234856461
"Karnataka",1967,-0.030712492051272
"Karnataka",1968,-0.05472450857543
"Karnataka",1969,-0.212231005474041
"Karnataka",1970,0.072191412025167
"Karnataka",1971,-0.0304153124940605
"Karnataka",1972,0.308470906756227
"Karnataka",1973,0.421004726110819
"Karnataka",1974,-0.176443176764589
"Karnataka",1975,-0.348464506539575
"Karnataka",1976,0.267060788952176
"Karnataka",1977,-0.0247586423551462
"Karnataka",1978,-0.00694272547749097
"Karnataka",1979,0.0977488252733512
"Karnataka",1980,0.219235181888677
"Karnataka",1981,0.00973332723534614
"Karnataka",1982,0.112696443285561
"Karnataka",1983,0.0642578844565156
"Karnataka",1984,-0.142720735938917
"Karnataka",1985,0.246652444407468
"Karnataka",1986,0.00690527213617731
"Karnataka",1987,-0.0247158242196726
"Karnataka",1988,0.189961780223372
"Karnataka",1989,-0.166338852287345
"Karnataka",1990,0.292971503220711
"Karnataka",1991,0.244657195356448
"Karnataka",1992,-0.0249458611894466
"Karnataka",1993,-0.00854987122123774
"Karnataka",1994,0.0620999491795802
"Karnataka",1995,0.136707597022265
"Karnataka",1996,0.121206154033662
"Karnataka",1997,0.0162540743952633
"Karnataka",1998,0.138410348058245
"Karnataka",1999,-0.0193360841522834
"Karnataka",2000,-0.0231565398126277
"Karnataka",2001,0.0161602496206745
"Karnataka",2002,0.0667545530914531
"Karnataka",2003,0.0468151614113781
"Karnataka",2004,0.0859690103464246
"Karnataka",2005,0.00602878408574536
"Karnataka",2006,0.157897240683533
"Karnataka",2007,0.0536735068008154
"Karnataka",2008,0.0289581509555381
"Karnataka",2009,0.199204057521405
"Karnataka",2010,0.0208563270502431
"Karnataka",2011,0.0217032873685525
"Karnataka",2012,0.278960947647279
"Karnataka",2013,-0.083996997438148
"Karnataka",2014,0.036204987367956
"Karnataka",2015,0.0205694890141777
"Karnataka",2016,0.076841973345199
"Madhya Pradesh",1967,0.344043743587424
"Madhya Pradesh",1968,-0.038961430622213
"Madhya Pradesh",1969,-0.010902868715303
"Madhya Pradesh",1970,-0.0727485003485064
"Madhya Pradesh",1971,0.00977119884032884
"Madhya Pradesh",1972,0.178348935032413
"Madhya Pradesh",1973,0.356423791269553
"Madhya Pradesh",1974,0.287365958698421
"Madhya Pradesh",1975,-0.37328278864408
"Madhya Pradesh",1976,0.0353445244564394
"Madhya Pradesh",1977,0.0478051376062592
"Madhya Pradesh",1978,-0.0453454056796376
"Madhya Pradesh",1979,0.232478179598282
"Madhya Pradesh",1980,0.0356372921661041
"Madhya Pradesh",1981,-0.00489227641620271
"Madhya Pradesh",1982,0.191292113798797
"Madhya Pradesh",1983,-0.0386333696386645
"Madhya Pradesh",1984,0.017588100562163
"Madhya Pradesh",1985,0.0926030641112385
"Madhya Pradesh",1986,0.0736781634035992
"Madhya Pradesh",1987,0.0770548067138837
"Madhya Pradesh",1988,0.150702557666452
"Madhya Pradesh",1989,0.000158631609376236
"Madhya Pradesh",1990,0.0813249203407755
"Madhya Pradesh",1991,0.231436124336974
"Madhya Pradesh",1992,0.00533202054464965
"Madhya Pradesh",1993,0.133559850627626
"Madhya Pradesh",1994,0.0747934862024904
"Madhya Pradesh",1995,0.226516970847878
"Madhya Pradesh",1996,0.125584486413356
"Madhya Pradesh",1997,-0.0496222480338506
"Madhya Pradesh",1998,-0.209741998787916
"Madhya Pradesh",1999,0.123631369378987
"Madhya Pradesh",2000,-0.0366642626479097
"Madhya Pradesh",2001,0.036581546241063
"Madhya Pradesh",2002,0.0243585070251839
"Madhya Pradesh",2003,-0.0412787956743541
"Madhya Pradesh",2004,0.313502488175294
"Madhya Pradesh",2005,0.121488963800539
"Madhya Pradesh",2006,0.0760475633694844
"Madhya Pradesh",2007,0.0972369393522365
"Madhya Pradesh",2008,0.13494384697743
"Madhya Pradesh",2009,0.0397355697538364
"Madhya Pradesh",2010,0.0163654243865441
"Madhya Pradesh",2011,-0.0127802983290239
"Madhya Pradesh",2012,0.111932632779516
"Madhya Pradesh",2013,0.137220708367891
"Madhya Pradesh",2014,0.184174601694274
"Madhya Pradesh",2015,0.185961766542757
"Madhya Pradesh",2016,-0.185040827331305
"Maharashtra",1967,0.0619203387340308
"Maharashtra",1968,-0.0748326110130977
"Maharashtra",1969,-0.0290089508372988
"Maharashtra",1970,-0.0786192313116167
"Maharashtra",1971,0.00307262862966162
"Maharashtra",1972,0.308484000579817
"Maharashtra",1973,0.388138309345478
"Maharashtra",1974,0.116116399849146
"Maharashtra",1975,-0.370496636301647
"Maharashtra",1976,-0.107106019224954
"Maharashtra",1977,0.0194866110524181
"Maharashtra",1978,-0.0348671296971155
"Maharashtra",1979,0.137837284919756
"Maharashtra",1980,0.205926019517046
"Maharashtra",1981,0.0216383021073892
"Maharashtra",1982,0.114892506487325
"Maharashtra",1983,-0.0916540348880854
"Maharashtra",1984,0.028150371655518
"Maharashtra",1985,0.0709048910771699
"Maharashtra",1986,0.0442901647873644
"Maharashtra",1987,0.0337008718721759
"Maharashtra",1988,0.0382723664772691
"Maharashtra",1989,0.0792762130152784
"Maharashtra",1990,0.105958674317034
"Maharashtra",1991,0.323189606574295
"Maharashtra",1992,-0.03896806029696
"Maharashtra",1993,-0.00285025406729744
"Maharashtra",1994,0.04937026970219
"Maharashtra",1995,0
"Maharashtra",1996,0.10410581034893
"Maharashtra",1997,0.136727785305538
"Maharashtra",1998,0.0183909488083556
"Maharashtra",1999,0.121485253164733
"Maharashtra",2000,0.0387976676036468
"Maharashtra",2001,0.0197245053477788
"Maharashtra",2002,0.013379915954884
"Maharashtra",2003,0.0634663756220313
"Maharashtra",2004,-0.00587979425869101
"Maharashtra",2005,-0.0103418755017897
"Maharashtra",2006,0.145182009844498
"Maharashtra",2007,0.0126925304656407
"Maharashtra",2008,0.26402010751581
"Maharashtra",2009,0.10304240024142
"Maharashtra",2010,0.11757051573184
"Maharashtra",2011,-0.0409345233558875
"Maharashtra",2012,0.105891790573834
"Maharashtra",2013,0.197581375897834
"Maharashtra",2014,-0.082464503295637
"Maharashtra",2015,0.0726469875407156
"Maharashtra",2016,0.0528044002661847
"Orissa",1967,0.0475554932454996
"Orissa",1968,0.0351311759241746
"Orissa",1969,0.00820324483920487
"Orissa",1970,-0.0208510380968923
"Orissa",1971,0.00721798206710744
"Orissa",1972,0.166178578776139
"Orissa",1973,0.290410279371902
"Orissa",1974,0.109026313787636
"Orissa",1975,-0.0718361269528511
"Orissa",1976,-0.092658176538059
"Orissa",1977,0.00998441253965776
"Orissa",1978,-0.0329348355367545
"Orissa",1979,0.11820126053762
"Orissa",1980,0.139022059136298
"Orissa",1981,0.0964276466065908
"Orissa",1982,0.176268919582288
"Orissa",1983,-0.0365102471368459
"Orissa",1984,-0.0991014418287088
"Orissa",1985,0.0798379776244227
"Orissa",1986,0.0462237862019181
"Orissa",1987,-0.0141951468207937
"Orissa",1989,0.186301091382309
"Orissa",1990,0.21573915714
"Orissa",1991,0.213574100298059
"Orissa",1992,0.0707994496981605
"Orissa",1993,0.141525452576488
"Orissa",1994,0.0910186792211425
"Orissa",1995,0.049634006514756
"Orissa",1998,0.0454986204573515
"Orissa",1999,0.0488986299214771
"Orissa",2000,0.0693505348078247
"Orissa",2001,0.0504727618478942
"Orissa",2002,-0.017411033579573
"Orissa",2003,-0.126211907658454
"Orissa",2004,0.206710896939247
"Orissa",2005,0.0546725739066618
"Orissa",2006,0.0944259050975482
"Orissa",2009,-0.0148926504232509
"Orissa",2010,0.0807908507106232
"Orissa",2011,0.0804150470030764
"Orissa",2012,0.00348263049665576
"Orissa",2014,0.117669155669132
"Orissa",2015,0.03561750364437
"Orissa",2016,0.0404540407952751
"Punjab",1967,-0.0207084428286324
"Punjab",1968,0.0173243448443916
"Punjab",1969,-0.0411751642219658
"Punjab",1970,-0.0104155279372931
"Punjab",1971,-0.000833184598577397
"Punjab",1972,0.0146574728157187
"Punjab",1973,0.379069567832996
"Punjab",1974,-0.0243914531241591
"Punjab",1975,-0.0480496976417077
"Punjab",1976,0.060319790233522
"Punjab",1977,0.00729043326267931
"Punjab",1978,0.0207675195324786
"Punjab",1979,0.0257524961024149
"Punjab",1980,0.121712985182561
"Punjab",1981,0.0492448129610779
"Punjab",1982,0.0756374142056204
"Punjab",1983,0.00719859137352952
"Punjab",1984,0.0563611245810502
"Punjab",1985,0.00787848757208032
"Punjab",1986,0.0444030189379605
"Punjab",1987,0.0653759719862812
"Punjab",1988,0.0632506505004855
"Punjab",1989,0.100397726315697
"Punjab",1990,0.0219325535540049
"Punjab",1991,0.122730679439362
"Punjab",1992,0.255814333603758
"Punjab",1993,0.0960890971486528
"Punjab",1994,0.0871843873706846
"Punjab",1995,-0.0150991484512746
"Punjab",1996,0.106596168249185
"Punjab",1997,0.200575969338984
"Punjab",1998,0.077224147103574
"Punjab",1999,0.0122560566739001
"Punjab",2000,0.0659890683901407
"Punjab",2001,0.0355473508292814
"Punjab",2002,-0.00573910779874254
"Punjab",2003,0.0296619594245282
"Punjab",2004,0.00969497185959689
"Punjab",2005,0.0079141170559911
"Punjab",2006,0.0750928473652337
"Punjab",2007,0.278762810804217
"Punjab",2008,0.0969258340468082
"Punjab",2009,0.0734671518818724
"Punjab",2010,0.00747201483870086
"Punjab",2011,0.0550136193175801
"Punjab",2012,0.102322340144966
"Punjab",2013,0.0479484841264766
"Punjab",2014,0.043176915709477
"Punjab",2015,0.0160003413464418
"Punjab",2016,0.0611100315304256
"Rajasthan",1967,-0.236403519997593
"Rajasthan",1968,0.000391576622181589
"Rajasthan",1969,0.00522960713142506
"Rajasthan",1970,-0.110282882656181
"Rajasthan",1971,-0.054142019087295
"Rajasthan",1972,0.281547898242466
"Rajasthan",1973,0.176872160539856
"Rajasthan",1974,0.268509172117811
"Rajasthan",1975,-0.425588420881594
"Rajasthan",1976,0.220456808384191
"Rajasthan",1977,0.0211753033255659
"Rajasthan",1978,-0.119029746797449
"Rajasthan",1979,0.171830559544112
"Rajasthan",1980,0.119772583851981
"Rajasthan",1981,0.0498528299967713
"Rajasthan",1982,0.0840120210261261
"Rajasthan",1983,0.0561954288157542
"Rajasthan",1984,0.0357761056082779
"Rajasthan",1985,0.0743343160965511
"Rajasthan",1986,0.0577284250271584
"Rajasthan",1987,0.11494959338825
"Rajasthan",1988,-0.0432100897481904
"Rajasthan",1989,-0.102102167104833
"Rajasthan",1990,0.317589488347526
"Rajasthan",1991,0.196426857319888
"Rajasthan",1992,-0.0274022489564754
"Rajasthan",1993,0.02062163936447
"Rajasthan",1994,0.177035638610542
"Rajasthan",1995,0.132046652836459
"Rajasthan",1996,0.132495213920002
"Rajasthan",1997,-0.00127506093900998
"Rajasthan",1998,-0.263636725864361
"Rajasthan",1999,0.105434813862042
"Rajasthan",2000,-0.0542512078660566
"Rajasthan",2001,0.0156147483425668
"Rajasthan",2002,0.0528056031867177
"Rajasthan",2003,-0.00170636005086777
"Rajasthan",2004,0.383302177270209
"Rajasthan",2005,0.0488127354178101
"Rajasthan",2006,0.0692260301855825
"Rajasthan",2007,0.153041126031924
"Rajasthan",2008,0.126306447023283
"Rajasthan",2009,0.166012816514869
"Rajasthan",2010,-0.0924855998205443
"Rajasthan",2011,0.0877433765064861
"Rajasthan",2012,0.0946254062000866
"Rajasthan",2013,0.078537455990622
"Rajasthan",2014,-0.0287217733101031
"Rajasthan",2015,0.0222812942579171
"Rajasthan",2016,0.00761287492021889
"Tamil Nadu",1967,0.0770686099466555
"Tamil Nadu",1968,-0.014104606181542
"Tamil Nadu",1969,0.276080947970088
"Tamil Nadu",1970,-0.0148161888360132
"Tamil Nadu",1971,0.027958333128729
"Tamil Nadu",1972,0.0156321029461326
"Tamil Nadu",1973,0.331103013366548
"Tamil Nadu",1979,0.178509165585752
"Tamil Nadu",1980,-0.000523504923258145
"Tamil Nadu",1981,0.214331539560988
"Tamil Nadu",1982,0.0385974233468538
"Tamil Nadu",1983,0.0333580549806651
"Tamil Nadu",1984,-0.0269228204284016
"Tamil Nadu",1985,0.0308822671477449
"Tamil Nadu",1986,0.0915482943021626
"Tamil Nadu",1987,-0.0716122708819524
"Tamil Nadu",1988,0.0517243521020756
"Tamil Nadu",1989,0.0997086990613552
"Tamil Nadu",1990,0.156653810045377
"Tamil Nadu",1991,0.0614396652335047
"Telangana",1967,0.14209023213475
"Telangana",1968,0.138574267658385
"Telangana",1969,-0.157972527783668
"Telangana",1970,-0.0119265090117295
"Telangana",1971,-0.0747100553798097
"Telangana",1972,0.274526779825076
"Telangana",1973,0.0307069341665658
"Telangana",1974,0.173723528510638
"Telangana",1999,0.0807354683524366
"Telangana",2000,0.0196577758591818
"Uttar Pradesh",1967,-0.376019125895584
"Uttar Pradesh",1968,-0.0200048744540249
"Uttar Pradesh",1969,0.11109293420852
"Uttar Pradesh",1970,-0.180560197741238
"Uttar Pradesh",1971,0.04077112421409
"Uttar Pradesh",1972,0.0737896687704653
"Uttar Pradesh",1973,0.517182952311602
"Uttar Pradesh",1974,0.0385716379719412
"Uttar Pradesh",1975,-0.371311884031488
"Uttar Pradesh",1976,0.123122244320048
"Uttar Pradesh",1977,0.0336427497238425
"Uttar Pradesh",1978,-0.0586110783284672
"Uttar Pradesh",1979,0.13680964428203
"Uttar Pradesh",1980,0.0657211034873493
"Uttar Pradesh",1981,0.112890171402992
"Uttar Pradesh",1982,0.13074824401982
"Uttar Pradesh",1983,-0.129773078230261
"Uttar Pradesh",1984,0.0363641315312639
"Uttar Pradesh",1985,0.075414639924543
"Uttar Pradesh",1986,0.0127562934068814
"Uttar Pradesh",1987,0.157341607196159
"Uttar Pradesh",1988,0.102621252219645
"Uttar Pradesh",1989,-0.0615745818623727
"Uttar Pradesh",1990,0.240255420396136
"Uttar Pradesh",1991,0.224710395099734
"Uttar Pradesh",1992,-0.0187555761343638
"Uttar Pradesh",1993,0.148522000751978
"Uttar Pradesh",1994,-0.000311686001142952
"Uttar Pradesh",1995,0.101704436265911
"Uttar Pradesh",1996,0.240489584128507
"Uttar Pradesh",1997,-0.0877917594166036
"Uttar Pradesh",1998,0.128071337243942
"Uttar Pradesh",1999,0.0417413698583031
"Uttar Pradesh",2000,0.28279995685569
"Uttar Pradesh",2001,-0.0184775469200957
"Uttar Pradesh",2002,0.0805085749428001
"Uttar Pradesh",2003,-0.00415442071523753
"Uttar Pradesh",2004,-0.113342492961551
"Uttar Pradesh",2005,0.0485403022004887
"Uttar Pradesh",2006,0.152684998066086
"Uttar Pradesh",2007,0.141601135587701
"Uttar Pradesh",2008,-0.0196640527769842
"Uttar Pradesh",2009,0.0296931394027498
"Uttar Pradesh",2010,0.0576578835913608
"Uttar Pradesh",2011,0.0221097197217741
"Uttar Pradesh",2012,0.112995976833524
"Uttar Pradesh",2013,0.0793024066999424
"Uttar Pradesh",2016,0.0884363383318654
"Uttarakhand",1982,0.175307770285947
"Uttarakhand",1985,0.00243753929343882
"Uttarakhand",1986,0.0287962308613121
"Uttarakhand",1987,0.0898655691737895
"Uttarakhand",1988,0.170312802533899
"Uttarakhand",1989,-0.0347901505396555
"Uttarakhand",1990,0.141289748220634
"Uttarakhand",1991,0.261733548584078
"Uttarakhand",1992,0.0125393492527355
"Uttarakhand",1993,0.220023423977966
"Uttarakhand",1996,0.354080908761685
"Uttarakhand",1997,-0.129901624573944
"Uttarakhand",1998,0.11247798342669
"Uttarakhand",1999,0.113559925913885
"Uttarakhand",2010,0.614136145318778
"Uttarakhand",2011,0.115894648671722
"Uttarakhand",2012,0.11703110603695
"Uttarakhand",2013,0.0726910395751768
"Uttarakhand",2014,-0.00263678465230388
"Uttarakhand",2015,0.0983059879166843
"Uttarakhand",2016,0.0773930281167772
"West Bengal",1967,0.249001976135995
"West Bengal",1968,-0.195410689107004
"West Bengal",1969,-3.80563360673492e-05
"West Bengal",1970,0.0768838668972736
"West Bengal",1971,0.004424656323474
"West Bengal",1972,0.069716496494391
"West Bengal",1973,0.508097212942984
"West Bengal",1974,-0.0753365571415197
"West Bengal",1975,-0.230137673011983
"West Bengal",1976,0.0647562357310454
"West Bengal",1977,-0.0929392007073586
"West Bengal",1978,0.0521845885731667
"West Bengal",1979,0.126346861167403
"West Bengal",1980,0.0499117005180834
"West Bengal",1981,0.190858890253485
"West Bengal",1982,0.186688001390739
"West Bengal",1983,-0.022600367407434
"West Bengal",1984,-0.072987859632347
"West Bengal",1985,0.0863428447749062
"West Bengal",1986,0.0243079476087189
"West Bengal",1987,0.0669270230717274
"West Bengal",1988,0.140401398657072
"West Bengal",1989,0.00905965015315946
"West Bengal",1990,0.137590752940604
"West Bengal",1991,0.190111091566664
"West Bengal",1992,-0.0455630896244674
"West Bengal",1993,0.147756929533061
"West Bengal",1994,-0.160989696077862
"West Bengal",1995,0.330074262141554
"West Bengal",1996,0.0402060546480945
"West Bengal",1997,0.0739440538084715
"West Bengal",1998,0.233567921422923
"West Bengal",1999,-0.0809595832766519
"West Bengal",2000,-0.0685823027724428
"West Bengal",2001,0.0105179351254945
"West Bengal",2002,-0.0374118475693459
"West Bengal",2003,0.0757906682936502
"West Bengal",2004,-0.129648672007029
"West Bengal",2005,0.119664503756089
"West Bengal",2006,0.19703554440004
"West Bengal",2007,0.14181226328356
"West Bengal",2008,0.133536176386521
"West Bengal",2009,0.113999381355611
"West Bengal",2010,0.0612090130357119
"West Bengal",2011,-0.0544710979466405
"West Bengal",2012,0.203390793734101
"West Bengal",2013,-0.136414924608277
"West Bengal",2014,0.0222507898975577
"West Bengal",2015,0.0888338195664131
"West Bengal",2016,-0.0105465982371218
