train,age,educ,black,hisp,married,earn96,unem96,earn98,unem98
0.00,37.00,11.00,1.00,0.00,1.00,0.00,1.00,1.62,0.00
0.00,30.00,12.00,1.00,0.00,0.00,0.00,1.00,0.00,1.00
1.00,27.00,11.00,1.00,0.00,0.00,0.00,1.00,0.00,1.00
1.00,33.00,8.00,1.00,0.00,0.00,0.00,1.00,9.07,0.00
0.00,22.00,9.00,1.00,0.00,0.00,0.00,1.00,4.02,0.00
1.00,23.00,12.00,1.00,0.00,0.00,0.00,1.00,7.34,0.00
0.00,32.00,11.00,1.00,0.00,0.00,0.00,1.00,2.62,0.00
1.00,22.00,16.00,1.00,0.00,0.00,0.00,1.00,7.60,0.00
0.00,19.00,9.00,1.00,0.00,0.00,0.00,1.00,0.00,1.00
1.00,21.00,13.00,1.00,0.00,0.00,0.00,1.00,13.41,0.00
1.00,18.00,8.00,1.00,0.00,0.00,0.00,1.00,0.00,1.00
1.00,27.00,10.00,1.00,0.00,1.00,0.00,1.00,5.19,0.00
0.00,17.00,7.00,1.00,0.00,0.00,0.00,1.00,8.77,0.00
0.00,19.00,10.00,1.00,0.00,0.00,0.00,1.00,0.00,1.00
1.00,27.00,13.00,1.00,0.00,0.00,0.00,1.00,9.85,0.00
0.00,23.00,10.00,1.00,0.00,0.00,0.00,1.00,5.56,0.00
1.00,40.00,12.00,1.00,0.00,0.00,0.00,1.00,0.00,1.00
0.00,26.00,12.00,1.00,0.00,0.00,0.00,1.00,0.00,1.00
1.00,23.00,11.00,1.00,0.00,0.00,0.00,1.00,7.29,0.00
1.00,24.00,11.00,1.00,0.00,0.00,0.00,1.00,12.73,0.00
1.00,18.00,10.00,1.00,0.00,0.00,0.00,1.00,7.64,0.00
1.00,29.00,11.00,1.00,0.00,1.00,0.00,1.00,16.24,0.00
0.00,25.00,11.00,1.00,0.00,0.00,0.00,1.00,0.00,1.00
0.00,17.00,10.00,1.00,0.00,0.00,0.00,1.00,0.00,1.00
0.00,24.00,11.00,1.00,0.00,0.00,0.00,1.00,0.02,0.00
0.00,17.00,10.00,1.00,0.00,0.00,0.00,1.00,0.02,0.00
1.00,48.00,4.00,1.00,0.00,0.00,0.00,1.00,0.00,1.00
1.00,25.00,11.00,1.00,0.00,1.00,0.00,1.00,0.99,0.00
1.00,20.00,12.00,1.00,0.00,0.00,0.00,1.00,3.14,0.00
1.00,25.00,12.00,1.00,0.00,0.00,0.00,1.00,9.14,0.00
0.00,42.00,14.00,1.00,0.00,0.00,0.00,1.00,5.90,0.00
1.00,25.00,5.00,1.00,0.00,0.00,0.00,1.00,0.00,1.00
0.00,23.00,12.00,1.00,0.00,1.00,0.00,1.00,7.15,0.00
1.00,46.00,8.00,1.00,0.00,1.00,0.00,1.00,7.21,0.00
1.00,24.00,10.00,1.00,0.00,0.00,0.00,1.00,0.00,1.00
1.00,21.00,12.00,1.00,0.00,0.00,0.00,1.00,0.00,1.00
0.00,17.00,8.00,1.00,0.00,0.00,0.00,1.00,0.00,1.00
1.00,20.00,11.00,1.00,0.00,0.00,0.00,1.00,2.43,0.00
1.00,25.00,11.00,1.00,0.00,1.00,0.00,1.00,6.57,0.00
1.00,17.00,8.00,1.00,0.00,0.00,0.00,1.00,0.00,1.00
1.00,17.00,9.00,1.00,0.00,0.00,0.00,1.00,3.08,0.00
0.00,25.00,5.00,1.00,0.00,0.00,0.00,1.00,0.00,1.00
1.00,23.00,12.00,1.00,0.00,0.00,0.00,1.00,16.37,0.00
1.00,28.00,8.00,1.00,0.00,0.00,0.00,1.00,0.00,1.00
1.00,31.00,11.00,1.00,0.00,1.00,0.00,1.00,0.00,1.00
1.00,18.00,11.00,1.00,0.00,0.00,0.00,1.00,10.82,0.00
1.00,25.00,12.00,1.00,0.00,0.00,0.00,1.00,3.14,0.00
0.00,30.00,11.00,1.00,0.00,1.00,0.00,1.00,0.00,1.00
1.00,17.00,10.00,1.00,0.00,0.00,0.00,1.00,5.11,0.00
0.00,37.00,9.00,1.00,0.00,0.00,0.00,1.00,6.40,0.00
1.00,41.00,4.00,1.00,0.00,1.00,0.00,1.00,7.63,0.00
1.00,42.00,14.00,1.00,0.00,1.00,0.00,1.00,7.16,0.00
0.00,17.00,8.00,1.00,0.00,0.00,0.00,1.00,0.00,1.00
1.00,29.00,8.00,1.00,0.00,0.00,0.00,1.00,8.03,0.00
1.00,35.00,10.00,1.00,0.00,0.00,0.00,1.00,0.00,1.00
1.00,27.00,11.00,1.00,0.00,0.00,0.00,1.00,11.80,0.00
1.00,29.00,4.00,1.00,0.00,0.00,0.00,1.00,6.56,0.00
0.00,28.00,9.00,1.00,0.00,0.00,0.00,1.00,4.05,0.00
0.00,27.00,11.00,1.00,0.00,0.00,0.00,1.00,6.47,0.00
0.00,45.00,5.00,1.00,0.00,1.00,0.00,1.00,1.33,0.00
0.00,29.00,13.00,1.00,0.00,0.00,0.00,1.00,10.44,0.00
1.00,27.00,9.00,1.00,0.00,0.00,0.00,1.00,7.02,0.00
1.00,46.00,13.00,1.00,0.00,0.00,0.00,1.00,0.15,0.00
1.00,18.00,6.00,1.00,0.00,0.00,0.00,1.00,0.00,1.00
1.00,25.00,12.00,1.00,0.00,0.00,0.00,1.00,11.11,0.00
0.00,28.00,15.00,1.00,0.00,0.00,0.00,1.00,0.00,1.00
0.00,22.00,12.00,1.00,0.00,0.00,0.00,1.00,0.00,1.00
1.00,21.00,9.00,1.00,0.00,0.00,0.00,1.00,11.36,0.00
1.00,40.00,11.00,1.00,0.00,0.00,0.00,1.00,0.00,1.00
0.00,22.00,11.00,1.00,0.00,0.00,0.00,1.00,6.83,0.00
1.00,25.00,12.00,1.00,0.00,0.00,0.00,1.00,10.63,0.00
1.00,18.00,12.00,1.00,0.00,0.00,0.00,1.00,6.99,0.00
1.00,27.00,13.00,1.00,0.00,0.00,0.00,1.00,0.00,1.00
1.00,27.00,8.00,1.00,0.00,0.00,0.00,1.00,3.60,0.00
1.00,38.00,11.00,1.00,0.00,0.00,0.00,1.00,0.00,1.00
0.00,26.00,11.00,1.00,0.00,0.00,0.00,1.00,12.60,0.00
1.00,25.00,8.00,1.00,0.00,0.00,0.00,1.00,2.04,0.00
1.00,31.00,11.00,1.00,0.00,1.00,0.00,1.00,0.00,1.00
0.00,17.00,10.00,1.00,0.00,0.00,0.00,1.00,0.00,1.00
1.00,25.00,11.00,1.00,0.00,0.00,0.00,1.00,4.79,0.00
1.00,21.00,12.00,1.00,0.00,0.00,0.00,1.00,1.01,0.00
1.00,44.00,11.00,1.00,0.00,0.00,0.00,1.00,0.00,1.00
0.00,18.00,9.00,1.00,0.00,0.00,0.00,1.00,0.00,1.00
1.00,42.00,12.00,1.00,0.00,0.00,0.00,1.00,5.87,0.00
0.00,25.00,10.00,1.00,0.00,0.00,0.00,1.00,9.81,0.00
0.00,24.00,10.00,1.00,0.00,0.00,0.00,1.00,0.00,1.00
0.00,26.00,10.00,1.00,0.00,0.00,0.00,1.00,5.88,0.00
1.00,25.00,11.00,1.00,0.00,0.00,0.00,1.00,0.00,1.00
0.00,18.00,11.00,1.00,0.00,0.00,0.00,1.00,0.95,0.00
0.00,19.00,11.00,1.00,0.00,0.00,0.00,1.00,0.00,1.00
0.00,43.00,9.00,1.00,0.00,0.00,0.00,1.00,1.97,0.00
0.00,27.00,13.00,1.00,0.00,0.00,0.00,1.00,0.00,1.00
1.00,17.00,9.00,1.00,0.00,0.00,0.00,1.00,0.00,1.00
1.00,30.00,11.00,1.00,0.00,0.00,0.00,1.00,23.44,0.00
0.00,26.00,10.00,1.00,0.00,1.00,0.00,1.00,19.80,0.00
1.00,20.00,9.00,1.00,0.00,0.00,0.00,1.00,1.95,0.00
1.00,20.00,12.00,1.00,0.00,0.00,0.33,0.00,4.91,0.00
0.00,18.00,11.00,1.00,0.00,0.00,0.43,0.00,2.21,0.00
0.00,27.00,12.00,1.00,0.00,1.00,0.67,0.00,0.08,0.00
0.00,27.00,12.00,1.00,0.00,0.00,0.72,0.00,4.25,0.00
1.00,20.00,12.00,1.00,0.00,0.00,0.76,0.00,29.03,0.00
0.00,19.00,10.00,1.00,0.00,0.00,0.77,0.00,6.44,0.00
0.00,23.00,12.00,1.00,0.00,0.00,1.00,0.00,10.47,0.00
0.00,29.00,14.00,1.00,0.00,0.00,1.36,0.00,2.34,0.00
1.00,18.00,10.00,1.00,0.00,0.00,1.60,0.00,9.93,0.00
1.00,19.00,9.00,1.00,0.00,0.00,1.60,0.00,16.26,0.00
1.00,27.00,9.00,1.00,0.00,1.00,1.87,0.00,2.91,0.00
1.00,22.00,12.00,1.00,0.00,0.00,1.87,0.00,24.53,0.00
1.00,23.00,10.00,1.00,0.00,1.00,1.87,0.00,8.95,0.00
1.00,20.00,11.00,1.00,0.00,0.00,2.44,0.00,19.39,0.00
1.00,17.00,9.00,1.00,0.00,0.00,2.51,0.00,0.63,0.00
0.00,28.00,11.00,1.00,0.00,0.00,2.57,0.00,11.14,0.00
1.00,26.00,11.00,1.00,0.00,1.00,2.79,0.00,10.35,0.00
0.00,20.00,11.00,1.00,0.00,0.00,2.97,0.00,13.41,0.00
1.00,24.00,11.00,1.00,0.00,1.00,3.33,0.00,8.94,0.00
1.00,31.00,9.00,1.00,0.00,0.00,3.40,0.00,5.05,0.00
1.00,18.00,10.00,1.00,0.00,0.00,3.57,0.00,0.00,1.00
1.00,29.00,12.00,1.00,0.00,0.00,3.63,0.00,20.80,0.00
1.00,24.00,9.00,1.00,0.00,0.00,4.58,0.00,13.72,0.00
1.00,25.00,12.00,1.00,0.00,0.00,4.82,0.00,10.26,0.00
0.00,24.00,10.00,1.00,0.00,0.00,4.84,0.00,5.33,0.00
1.00,46.00,8.00,1.00,0.00,0.00,5.19,0.00,7.72,0.00
1.00,19.00,11.00,1.00,0.00,0.00,5.23,0.00,19.35,0.00
1.00,19.00,8.00,1.00,0.00,0.00,5.31,0.00,0.00,1.00
1.00,27.00,11.00,1.00,0.00,0.00,5.33,0.00,9.03,0.00
1.00,26.00,11.00,1.00,0.00,1.00,5.51,0.00,9.66,0.00
1.00,20.00,10.00,1.00,0.00,0.00,5.55,0.00,5.88,0.00
1.00,28.00,10.00,1.00,0.00,0.00,5.67,0.00,9.99,0.00
0.00,24.00,12.00,1.00,0.00,0.00,5.69,0.00,11.95,0.00
1.00,19.00,8.00,1.00,0.00,0.00,5.87,0.00,0.00,1.00
1.00,23.00,12.00,1.00,0.00,0.00,6.08,0.00,3.78,0.00
1.00,42.00,9.00,1.00,0.00,1.00,6.12,0.00,8.31,0.00
1.00,25.00,13.00,1.00,0.00,0.00,6.18,0.00,8.56,0.00
0.00,18.00,9.00,1.00,0.00,0.00,6.57,0.00,6.04,0.00
1.00,21.00,12.00,1.00,0.00,0.00,6.66,0.00,5.15,0.00
1.00,27.00,10.00,1.00,0.00,0.00,7.10,0.00,10.72,0.00
1.00,21.00,8.00,1.00,0.00,0.00,7.39,0.00,5.29,0.00
1.00,22.00,9.00,1.00,0.00,0.00,7.67,0.00,15.48,0.00
1.00,31.00,4.00,1.00,0.00,0.00,8.05,0.00,0.00,1.00
1.00,24.00,10.00,1.00,0.00,1.00,8.16,0.00,16.74,0.00
1.00,29.00,10.00,1.00,0.00,0.00,8.80,0.00,22.21,0.00
1.00,29.00,12.00,1.00,0.00,0.00,9.76,0.00,11.78,0.00
1.00,31.00,9.00,1.00,0.00,0.00,11.04,0.00,12.44,0.00
0.00,22.00,10.00,1.00,0.00,1.00,11.18,0.00,5.42,0.00
1.00,21.00,9.00,1.00,0.00,0.00,11.50,0.00,16.24,0.00
1.00,17.00,10.00,1.00,0.00,0.00,11.59,0.00,7.49,0.00
0.00,26.00,12.00,1.00,0.00,1.00,11.59,0.00,18.53,0.00
1.00,19.00,10.00,1.00,0.00,0.00,12.11,0.00,8.57,0.00
0.00,28.00,11.00,1.00,0.00,0.00,13.74,0.00,13.82,0.00
0.00,33.00,11.00,1.00,0.00,0.00,15.74,0.00,4.62,0.00
0.00,35.00,9.00,1.00,0.00,1.00,27.66,0.00,6.00,0.00
1.00,22.00,9.00,0.00,1.00,0.00,0.00,1.00,8.94,0.00
0.00,33.00,12.00,0.00,0.00,1.00,0.00,1.00,12.09,0.00
0.00,41.00,14.00,0.00,0.00,0.00,0.00,1.00,3.28,0.00
0.00,38.00,9.00,0.00,0.00,0.00,0.00,1.00,2.53,0.00
0.00,27.00,10.00,0.00,1.00,0.00,0.00,1.00,14.13,0.00
1.00,19.00,9.00,0.00,0.00,0.00,0.00,1.00,7.05,0.00
1.00,18.00,8.00,0.00,1.00,1.00,0.00,1.00,11.21,0.00
0.00,22.00,11.00,0.00,0.00,0.00,0.00,1.00,0.00,1.00
1.00,23.00,7.00,0.00,0.00,0.00,0.00,1.00,0.00,1.00
1.00,25.00,11.00,0.00,0.00,0.00,0.00,1.00,4.40,0.00
0.00,38.00,12.00,0.00,0.00,0.00,0.00,1.00,6.81,0.00
1.00,23.00,8.00,0.00,1.00,0.00,0.00,1.00,7.72,0.00
0.00,21.00,12.00,0.00,0.00,0.00,0.00,1.00,0.66,0.00
1.00,25.00,12.00,0.00,0.00,0.00,0.00,1.00,9.36,0.00
1.00,31.00,9.00,0.00,1.00,0.00,0.00,1.00,0.00,1.00
1.00,17.00,9.00,0.00,1.00,0.00,0.15,0.00,17.59,0.00
1.00,21.00,12.00,0.00,0.00,0.00,0.67,0.00,7.70,0.00
1.00,27.00,13.00,0.00,0.00,1.00,1.71,0.00,7.32,0.00
1.00,18.00,11.00,0.00,0.00,0.00,1.84,0.00,6.74,0.00
1.00,23.00,12.00,0.00,1.00,0.00,2.23,0.00,13.85,0.00
1.00,23.00,8.00,0.00,0.00,1.00,3.43,0.00,9.17,0.00
1.00,26.00,11.00,0.00,0.00,0.00,4.45,0.00,17.76,0.00
1.00,31.00,12.00,0.00,0.00,0.00,5.22,0.00,9.26,0.00
1.00,19.00,10.00,0.00,0.00,0.00,10.65,0.00,26.62,0.00
1.00,19.00,11.00,0.00,1.00,1.00,10.93,0.00,26.00,0.00
1.00,20.00,9.00,0.00,1.00,0.00,11.75,0.00,14.88,0.00
0.00,22.00,12.00,0.00,1.00,1.00,14.11,0.00,4.56,0.00
0.00,22.00,12.00,0.00,0.00,0.00,16.91,0.00,14.41,0.00
0.00,29.00,10.00,0.00,1.00,0.00,17.71,0.00,14.11,0.00
0.00,50.00,12.00,1.00,0.00,1.00,0.00,1.00,0.32,0.00
0.00,28.00,12.00,1.00,0.00,1.00,0.00,1.00,1.53,0.00
1.00,25.00,12.00,1.00,0.00,0.00,0.00,1.00,0.00,1.00
0.00,50.00,12.00,1.00,0.00,1.00,0.00,1.00,0.00,1.00
1.00,23.00,12.00,1.00,0.00,0.00,0.00,1.00,0.00,1.00
0.00,34.00,14.00,1.00,0.00,1.00,0.00,1.00,9.40,0.00
1.00,36.00,12.00,1.00,0.00,1.00,0.00,1.00,0.00,1.00
0.00,36.00,12.00,1.00,0.00,1.00,17.90,0.00,24.84,0.00
0.00,33.00,13.00,1.00,0.00,1.00,21.48,0.00,17.09,0.00
1.00,43.00,12.00,1.00,0.00,1.00,3.76,0.00,14.45,0.00
0.00,24.00,12.00,1.00,0.00,0.00,0.00,1.00,2.13,0.00
1.00,23.00,12.00,1.00,0.00,0.00,6.45,0.00,8.86,0.00
0.00,22.00,12.00,1.00,0.00,1.00,0.00,1.00,0.00,1.00
0.00,20.00,12.00,1.00,0.00,0.00,25.06,0.00,17.50,0.00
1.00,21.00,12.00,1.00,0.00,0.00,10.92,0.00,11.34,0.00
1.00,22.00,12.00,1.00,0.00,1.00,4.94,0.00,13.60,0.00
1.00,20.00,12.00,1.00,0.00,0.00,8.95,0.00,5.62,0.00
1.00,28.00,12.00,1.00,0.00,0.00,5.73,0.00,16.07,0.00
0.00,24.00,12.00,1.00,0.00,0.00,9.31,0.00,4.02,0.00
0.00,22.00,12.00,1.00,0.00,0.00,34.27,0.00,9.51,0.00
0.00,20.00,12.00,1.00,0.00,0.00,17.90,0.00,1.89,0.00
1.00,27.00,12.00,1.00,0.00,1.00,3.99,0.00,7.47,0.00
0.00,23.00,12.00,1.00,0.00,1.00,5.73,0.00,12.74,0.00
0.00,23.00,12.00,1.00,0.00,1.00,23.27,0.00,6.11,0.00
1.00,19.00,12.00,1.00,0.00,0.00,16.11,0.00,15.07,0.00
1.00,21.00,12.00,1.00,0.00,1.00,6.09,0.00,6.28,0.00
0.00,24.00,12.00,1.00,0.00,1.00,17.90,0.00,8.86,0.00
0.00,31.00,12.00,1.00,0.00,1.00,22.13,0.00,22.08,0.00
1.00,22.00,12.00,1.00,0.00,0.00,20.74,0.00,0.00,1.00
0.00,20.00,13.00,1.00,0.00,0.00,25.06,0.00,14.58,0.00
0.00,23.00,12.00,1.00,0.00,0.00,25.06,0.00,22.65,0.00
1.00,22.00,12.00,1.00,0.00,0.00,8.95,0.00,12.19,0.00
0.00,21.00,12.00,1.00,0.00,0.00,22.92,0.00,15.06,0.00
0.00,27.00,12.00,1.00,0.00,1.00,0.00,1.00,0.00,1.00
1.00,27.00,13.00,1.00,0.00,1.00,8.19,0.00,9.79,0.00
0.00,24.00,12.00,1.00,0.00,1.00,28.65,0.00,19.98,0.00
0.00,28.00,15.00,1.00,0.00,0.00,0.00,1.00,16.83,0.00
0.00,53.00,14.00,1.00,0.00,1.00,16.84,0.00,11.82,0.00
1.00,19.00,12.00,1.00,0.00,0.00,7.52,0.00,9.21,0.00
0.00,32.00,12.00,1.00,0.00,1.00,10.74,0.00,6.31,0.00
0.00,20.00,12.00,1.00,0.00,1.00,17.90,0.00,2.33,0.00
0.00,27.00,12.00,1.00,0.00,1.00,17.90,0.00,3.34,0.00
0.00,23.00,12.00,1.00,0.00,1.00,25.06,0.00,16.17,0.00
0.00,23.00,12.00,1.00,0.00,1.00,26.85,0.00,22.06,0.00
1.00,21.00,12.00,1.00,0.00,1.00,26.19,0.00,18.27,0.00
0.00,24.00,12.00,1.00,0.00,1.00,30.83,0.00,7.83,0.00
1.00,26.00,12.00,1.00,0.00,1.00,17.19,0.00,11.08,0.00
0.00,23.00,14.00,1.00,0.00,1.00,20.80,0.00,20.84,0.00
1.00,25.00,12.00,1.00,0.00,0.00,12.53,0.00,10.54,0.00
0.00,23.00,12.00,1.00,0.00,1.00,24.35,0.00,19.64,0.00
0.00,27.00,12.00,1.00,0.00,0.00,28.65,0.00,8.47,0.00
0.00,21.00,12.00,1.00,0.00,0.00,29.72,0.00,20.52,0.00
0.00,23.00,14.00,1.00,0.00,1.00,25.06,0.00,19.74,0.00
0.00,23.00,16.00,1.00,0.00,0.00,32.98,0.00,23.71,0.00
1.00,27.00,12.00,1.00,0.00,1.00,10.74,0.00,0.98,0.00
0.00,21.00,12.00,1.00,0.00,1.00,14.32,0.00,9.98,0.00
1.00,23.00,12.00,1.00,0.00,1.00,16.54,0.00,0.98,0.00
1.00,21.00,14.00,1.00,0.00,0.00,10.74,0.00,20.46,0.00
1.00,27.00,12.00,1.00,0.00,1.00,0.00,1.00,2.90,0.00
0.00,21.00,12.00,1.00,0.00,1.00,8.59,0.00,11.68,0.00
0.00,33.00,12.00,1.00,0.00,0.00,17.90,0.00,19.84,0.00
0.00,22.00,12.00,1.00,0.00,1.00,21.48,0.00,17.51,0.00
0.00,29.00,12.00,1.00,0.00,1.00,25.06,0.00,17.75,0.00
0.00,23.00,12.00,1.00,0.00,1.00,25.06,0.00,21.61,0.00
0.00,27.00,12.00,1.00,0.00,1.00,28.65,0.00,9.06,0.00
0.00,24.00,12.00,1.00,0.00,1.00,28.65,0.00,15.20,0.00
0.00,26.00,12.00,1.00,0.00,0.00,21.48,0.00,25.35,0.00
0.00,31.00,12.00,1.00,0.00,1.00,17.90,0.00,17.86,0.00
0.00,25.00,13.00,1.00,0.00,0.00,30.79,0.00,8.86,0.00
1.00,27.00,12.00,1.00,0.00,0.00,6.45,0.00,13.01,0.00
0.00,27.00,12.00,1.00,0.00,1.00,17.90,0.00,16.83,0.00
0.00,24.00,12.00,1.00,0.00,0.00,18.62,0.00,5.76,0.00
0.00,20.00,12.00,1.00,0.00,0.00,32.75,0.00,14.98,0.00
1.00,26.00,12.00,1.00,0.00,1.00,2.15,0.00,2.68,0.00
0.00,23.00,12.00,1.00,0.00,1.00,15.63,0.00,4.14,0.00
0.00,24.00,12.00,1.00,0.00,0.00,26.14,0.00,22.55,0.00
0.00,23.00,12.00,1.00,0.00,0.00,5.37,0.00,14.61,0.00
1.00,28.00,14.00,1.00,0.00,1.00,0.00,1.00,0.00,1.00
0.00,29.00,12.00,1.00,0.00,1.00,19.69,0.00,17.00,0.00
0.00,24.00,13.00,1.00,0.00,1.00,21.48,0.00,16.86,0.00
0.00,21.00,12.00,1.00,0.00,1.00,28.65,0.00,19.87,0.00
0.00,25.00,12.00,1.00,0.00,1.00,28.65,0.00,8.92,0.00
0.00,22.00,13.00,1.00,0.00,1.00,30.44,0.00,27.78,0.00
0.00,27.00,15.00,1.00,0.00,0.00,33.49,0.00,13.46,0.00
0.00,26.00,12.00,1.00,0.00,1.00,28.30,0.00,26.06,0.00
0.00,25.00,13.00,1.00,0.00,1.00,27.65,0.00,17.03,0.00
0.00,30.00,12.00,1.00,0.00,1.00,21.48,0.00,24.53,0.00
1.00,37.00,17.00,1.00,0.00,1.00,2.61,0.00,12.36,0.00
0.00,23.00,12.00,1.00,0.00,0.00,28.65,0.00,1.41,0.00
0.00,27.00,12.00,1.00,0.00,1.00,24.71,0.00,18.03,0.00
0.00,22.00,12.00,1.00,0.00,1.00,26.85,0.00,23.23,0.00
1.00,22.00,12.00,1.00,0.00,1.00,0.00,1.00,0.87,0.00
0.00,25.00,12.00,1.00,0.00,1.00,16.47,0.00,5.27,0.00
0.00,33.00,12.00,1.00,0.00,0.00,22.20,0.00,0.00,1.00
0.00,55.00,16.00,1.00,0.00,1.00,23.99,0.00,3.01,0.00
0.00,47.00,12.00,1.00,0.00,1.00,24.87,0.00,8.40,0.00
0.00,20.00,12.00,1.00,0.00,1.00,25.06,0.00,11.85,0.00
1.00,26.00,12.00,1.00,0.00,1.00,25.06,0.00,17.08,0.00
0.00,21.00,12.00,1.00,0.00,0.00,26.68,0.00,24.84,0.00
0.00,24.00,12.00,1.00,0.00,1.00,32.23,0.00,30.14,0.00
0.00,29.00,12.00,1.00,0.00,1.00,30.79,0.00,16.24,0.00
1.00,24.00,12.00,1.00,0.00,1.00,23.63,0.00,14.15,0.00
0.00,22.00,14.00,1.00,0.00,1.00,25.06,0.00,20.80,0.00
0.00,27.00,12.00,1.00,0.00,1.00,26.85,0.00,20.76,0.00
0.00,28.00,12.00,1.00,0.00,1.00,29.72,0.00,10.48,0.00
0.00,22.00,12.00,1.00,0.00,1.00,29.36,0.00,10.05,0.00
0.00,42.00,12.00,1.00,0.00,1.00,22.37,0.00,13.33,0.00
0.00,22.00,13.00,1.00,0.00,1.00,28.64,0.00,24.79,0.00
1.00,26.00,12.00,1.00,0.00,1.00,17.90,0.00,18.48,0.00
0.00,25.00,12.00,1.00,0.00,1.00,7.48,0.00,16.34,0.00
0.00,28.00,15.00,1.00,0.00,1.00,18.91,0.00,17.64,0.00
0.00,21.00,13.00,1.00,0.00,1.00,25.06,0.00,4.28,0.00
0.00,54.00,16.00,1.00,0.00,1.00,28.65,0.00,12.52,0.00
0.00,21.00,12.00,1.00,0.00,1.00,19.69,0.00,9.13,0.00
1.00,23.00,12.00,1.00,0.00,1.00,20.98,0.00,28.64,0.00
0.00,43.00,12.00,1.00,0.00,1.00,21.48,0.00,7.65,0.00
0.00,27.00,14.00,1.00,0.00,1.00,0.00,1.00,6.51,0.00
1.00,21.00,12.00,1.00,0.00,0.00,1.43,0.00,6.31,0.00
0.00,25.00,12.00,1.00,0.00,1.00,10.74,0.00,5.09,0.00
1.00,31.00,12.00,1.00,0.00,1.00,3.01,0.00,13.45,0.00
1.00,54.00,3.00,1.00,0.00,0.00,0.00,1.00,0.00,1.00
1.00,54.00,3.00,1.00,0.00,1.00,0.00,1.00,1.18,0.00
1.00,54.00,3.00,1.00,0.00,1.00,0.00,1.00,0.00,1.00
0.00,54.00,3.00,1.00,0.00,1.00,0.00,1.00,0.00,1.00
1.00,53.00,4.00,1.00,0.00,0.00,0.00,1.00,0.00,1.00
0.00,51.00,4.00,1.00,0.00,1.00,0.00,1.00,0.00,1.00
1.00,51.00,5.00,1.00,0.00,0.00,0.00,1.00,0.00,1.00
1.00,46.00,6.00,1.00,0.00,1.00,0.00,1.00,5.67,0.00
1.00,41.00,6.00,1.00,0.00,1.00,0.00,1.00,0.00,1.00
1.00,45.00,7.00,1.00,0.00,1.00,0.00,1.00,0.00,1.00
1.00,55.00,8.00,1.00,0.00,1.00,0.00,1.00,0.00,1.00
1.00,53.00,8.00,1.00,0.00,1.00,0.00,1.00,0.00,1.00
0.00,45.00,9.00,1.00,0.00,1.00,0.00,1.00,0.00,1.00
0.00,45.00,9.00,1.00,0.00,1.00,0.00,1.00,6.89,0.00
1.00,23.00,9.00,1.00,0.00,0.00,0.00,1.00,5.92,0.00
1.00,54.00,10.00,1.00,0.00,1.00,0.00,1.00,0.00,1.00
1.00,54.00,10.00,1.00,0.00,1.00,0.00,1.00,6.65,0.00
0.00,25.00,11.00,1.00,0.00,0.00,0.00,1.00,0.00,1.00
1.00,23.00,11.00,1.00,0.00,0.00,0.00,1.00,2.56,0.00
0.00,23.00,11.00,1.00,0.00,0.00,0.00,1.00,3.50,0.00
1.00,52.00,10.00,1.00,0.00,1.00,0.00,1.00,2.35,0.00
1.00,43.00,9.00,1.00,0.00,1.00,0.00,1.00,7.03,0.00
0.00,54.00,4.00,1.00,0.00,1.00,0.00,1.00,9.38,0.00
1.00,49.00,4.00,1.00,0.00,1.00,0.00,1.00,5.31,0.00
1.00,21.00,8.00,1.00,0.00,0.00,1.79,0.00,2.02,0.00
1.00,21.00,11.00,1.00,0.00,0.00,19.69,0.00,13.86,0.00
0.00,43.00,3.00,1.00,0.00,1.00,0.00,1.00,0.00,1.00
1.00,52.00,6.00,1.00,0.00,1.00,2.49,0.00,14.99,0.00
0.00,52.00,7.00,1.00,0.00,0.00,10.03,0.00,0.00,1.00
0.00,29.00,11.00,1.00,0.00,1.00,0.00,1.00,0.00,1.00
1.00,31.00,6.00,1.00,0.00,0.00,1.11,0.00,1.57,0.00
1.00,23.00,10.00,1.00,0.00,0.00,10.74,0.00,5.16,0.00
1.00,19.00,11.00,1.00,0.00,0.00,0.00,1.00,0.75,0.00
0.00,35.00,9.00,1.00,0.00,0.00,10.74,0.00,6.70,0.00
1.00,21.00,10.00,1.00,0.00,0.00,16.29,0.00,11.86,0.00
0.00,41.00,8.00,1.00,0.00,1.00,16.76,0.00,11.70,0.00
0.00,41.00,8.00,1.00,0.00,1.00,16.76,0.00,15.85,0.00
1.00,20.00,8.00,1.00,0.00,0.00,7.30,0.00,11.65,0.00
1.00,30.00,9.00,1.00,0.00,0.00,0.33,0.00,2.11,0.00
1.00,29.00,10.00,1.00,0.00,0.00,5.37,0.00,12.21,0.00
1.00,22.00,11.00,1.00,0.00,0.00,0.00,1.00,11.94,0.00
0.00,25.00,10.00,1.00,0.00,0.00,10.74,0.00,3.16,0.00
1.00,20.00,8.00,1.00,0.00,0.00,3.68,0.00,18.53,0.00
0.00,40.00,4.00,1.00,0.00,0.00,3.87,0.00,4.14,0.00
1.00,22.00,9.00,1.00,0.00,0.00,8.69,0.00,0.00,1.00
1.00,24.00,10.00,1.00,0.00,0.00,7.81,0.00,1.78,0.00
1.00,19.00,6.00,1.00,0.00,0.00,0.00,1.00,2.16,0.00
1.00,50.00,10.00,1.00,0.00,1.00,0.00,1.00,3.74,0.00
1.00,38.00,3.00,1.00,0.00,1.00,11.46,0.00,4.41,0.00
1.00,38.00,3.00,1.00,0.00,1.00,11.46,0.00,16.37,0.00
1.00,43.00,10.00,1.00,0.00,1.00,4.30,0.00,8.99,0.00
0.00,30.00,6.00,1.00,0.00,1.00,6.80,0.00,0.00,1.00
1.00,35.00,10.00,1.00,0.00,1.00,7.59,0.00,6.09,0.00
1.00,35.00,10.00,1.00,0.00,1.00,7.59,0.00,18.29,0.00
1.00,35.00,10.00,1.00,0.00,1.00,7.59,0.00,13.86,0.00
0.00,44.00,11.00,1.00,0.00,1.00,10.74,0.00,0.00,1.00
1.00,23.00,10.00,1.00,0.00,0.00,14.32,0.00,20.00,0.00
0.00,41.00,8.00,1.00,0.00,1.00,22.34,0.00,12.31,0.00
0.00,39.00,5.00,1.00,0.00,1.00,26.85,0.00,10.28,0.00
0.00,39.00,5.00,1.00,0.00,1.00,26.85,0.00,17.23,0.00
0.00,39.00,5.00,1.00,0.00,1.00,26.85,0.00,18.61,0.00
0.00,25.00,11.00,1.00,0.00,0.00,23.27,0.00,10.82,0.00
1.00,38.00,9.00,1.00,0.00,1.00,15.88,0.00,15.02,0.00
0.00,50.00,9.00,1.00,0.00,1.00,14.94,0.00,1.09,0.00
0.00,22.00,11.00,1.00,0.00,1.00,12.37,0.00,25.34,0.00
1.00,19.00,10.00,1.00,0.00,0.00,6.87,0.00,2.78,0.00
1.00,25.00,10.00,1.00,0.00,1.00,8.56,0.00,21.97,0.00
0.00,47.00,6.00,1.00,0.00,1.00,8.59,0.00,4.22,0.00
0.00,24.00,8.00,1.00,0.00,1.00,10.74,0.00,14.06,0.00
0.00,44.00,11.00,1.00,0.00,0.00,12.53,0.00,4.51,0.00
0.00,24.00,11.00,1.00,0.00,1.00,0.00,1.00,7.61,0.00
0.00,19.00,11.00,1.00,0.00,1.00,15.18,0.00,15.33,0.00
0.00,22.00,11.00,1.00,0.00,0.00,26.85,0.00,17.42,0.00
1.00,30.00,6.00,1.00,0.00,1.00,0.00,1.00,8.79,0.00
1.00,50.00,10.00,1.00,0.00,1.00,0.00,1.00,0.00,1.00
1.00,26.00,8.00,1.00,0.00,1.00,8.59,0.00,12.69,0.00
1.00,46.00,6.00,1.00,0.00,0.00,19.36,0.00,0.00,1.00
0.00,38.00,10.00,1.00,0.00,1.00,0.00,1.00,0.00,1.00
0.00,24.00,9.00,1.00,0.00,0.00,10.74,0.00,6.14,0.00
0.00,55.00,3.00,1.00,0.00,1.00,10.74,0.00,0.25,0.00
1.00,40.00,5.00,1.00,0.00,1.00,10.74,0.00,4.20,0.00
0.00,25.00,9.00,1.00,0.00,1.00,12.53,0.00,23.15,0.00
0.00,43.00,7.00,1.00,0.00,1.00,13.63,0.00,7.27,0.00
0.00,18.00,11.00,1.00,0.00,0.00,13.86,0.00,11.85,0.00
0.00,28.00,7.00,1.00,0.00,1.00,16.28,0.00,11.07,0.00
0.00,52.00,4.00,1.00,0.00,1.00,23.27,0.00,0.00,1.00
1.00,22.00,8.00,1.00,0.00,1.00,24.06,0.00,9.01,0.00
0.00,34.00,7.00,1.00,0.00,1.00,25.06,0.00,17.16,0.00
0.00,31.00,9.00,1.00,0.00,1.00,11.24,0.00,19.29,0.00
0.00,27.00,8.00,1.00,0.00,0.00,13.25,0.00,5.53,0.00
1.00,32.00,11.00,1.00,0.00,1.00,0.00,1.00,10.59,0.00
1.00,49.00,5.00,1.00,0.00,0.00,11.46,0.00,1.71,0.00
0.00,33.00,8.00,1.00,0.00,1.00,17.16,0.00,19.38,0.00
0.00,26.00,8.00,1.00,0.00,1.00,7.16,0.00,9.97,0.00
0.00,20.00,10.00,1.00,0.00,1.00,13.66,0.00,0.00,1.00
0.00,45.00,8.00,1.00,0.00,1.00,19.07,0.00,2.77,0.00
0.00,33.00,11.00,1.00,0.00,1.00,23.27,0.00,5.51,0.00
0.00,41.00,3.00,1.00,0.00,1.00,6.45,0.00,2.50,0.00
1.00,25.00,7.00,1.00,0.00,1.00,21.48,0.00,23.45,0.00
0.00,35.00,11.00,1.00,0.00,1.00,17.12,0.00,9.18,0.00
0.00,35.00,11.00,1.00,0.00,1.00,17.12,0.00,17.34,0.00
0.00,41.00,4.00,1.00,0.00,0.00,10.74,0.00,0.00,1.00
0.00,36.00,6.00,1.00,0.00,0.00,14.90,0.00,0.00,1.00
1.00,52.00,5.00,1.00,0.00,1.00,8.59,0.00,8.24,0.00
1.00,52.00,5.00,1.00,0.00,1.00,8.59,0.00,0.00,1.00
0.00,29.00,10.00,1.00,0.00,1.00,16.25,0.00,3.56,0.00
1.00,42.00,10.00,1.00,0.00,0.00,3.44,0.00,6.51,0.00
1.00,22.00,11.00,1.00,0.00,1.00,10.03,0.00,8.58,0.00
1.00,27.00,11.00,1.00,0.00,1.00,10.74,0.00,15.24,0.00
0.00,42.00,5.00,1.00,0.00,1.00,14.32,0.00,15.52,0.00
0.00,42.00,5.00,1.00,0.00,1.00,14.32,0.00,14.79,0.00
1.00,28.00,9.00,1.00,0.00,1.00,16.47,0.00,6.36,0.00
0.00,45.00,9.00,1.00,0.00,1.00,17.90,0.00,17.20,0.00
0.00,45.00,6.00,1.00,0.00,1.00,17.90,0.00,1.96,0.00
0.00,34.00,9.00,1.00,0.00,1.00,22.42,0.00,13.80,0.00
0.00,49.00,5.00,1.00,0.00,1.00,15.40,0.00,5.77,0.00
0.00,27.00,7.00,1.00,0.00,1.00,14.32,0.00,16.29,0.00
0.00,21.00,11.00,1.00,0.00,1.00,9.70,0.00,6.63,0.00
0.00,54.00,6.00,1.00,0.00,1.00,0.00,1.00,0.00,1.00
0.00,40.00,9.00,1.00,0.00,1.00,13.14,0.00,10.30,0.00
0.00,41.00,5.00,1.00,0.00,1.00,21.48,0.00,16.39,0.00
0.00,29.00,10.00,1.00,0.00,1.00,16.65,0.00,3.14,0.00
0.00,29.00,10.00,1.00,0.00,1.00,21.78,0.00,8.52,0.00
0.00,26.00,10.00,1.00,0.00,1.00,0.00,1.00,0.00,1.00
0.00,40.00,8.00,1.00,0.00,1.00,16.11,0.00,8.79,0.00
0.00,40.00,7.00,1.00,0.00,1.00,17.90,0.00,13.65,0.00
0.00,49.00,7.00,1.00,0.00,0.00,22.54,0.00,0.00,1.00
0.00,50.00,8.00,1.00,0.00,1.00,19.69,0.00,6.21,0.00
0.00,24.00,8.00,1.00,0.00,1.00,26.07,0.00,26.52,0.00
0.00,24.00,10.00,1.00,0.00,1.00,13.25,0.00,5.31,0.00
0.00,30.00,11.00,1.00,0.00,1.00,17.62,0.00,14.47,0.00
1.00,26.00,10.00,1.00,0.00,1.00,9.85,0.00,20.33,0.00
0.00,50.00,5.00,1.00,0.00,1.00,20.27,0.00,10.08,0.00
0.00,22.00,10.00,1.00,0.00,1.00,18.05,0.00,22.40,0.00
0.00,40.00,7.00,1.00,0.00,1.00,17.35,0.00,13.78,0.00
1.00,52.00,5.00,1.00,0.00,1.00,2.15,0.00,7.04,0.00
0.00,49.00,5.00,1.00,0.00,1.00,10.74,0.00,12.72,0.00
0.00,20.00,10.00,1.00,0.00,1.00,10.74,0.00,14.87,0.00
0.00,44.00,5.00,1.00,0.00,1.00,17.90,0.00,0.65,0.00
0.00,34.00,9.00,1.00,0.00,1.00,17.90,0.00,10.42,0.00
0.00,46.00,9.00,1.00,0.00,0.00,18.62,0.00,18.89,0.00
0.00,47.00,4.00,1.00,0.00,0.00,21.48,0.00,0.43,0.00
0.00,24.00,11.00,1.00,0.00,1.00,21.48,0.00,6.32,0.00
0.00,39.00,5.00,1.00,0.00,1.00,21.48,0.00,0.00,1.00
0.00,32.00,11.00,1.00,0.00,0.00,28.65,0.00,16.78,0.00
0.00,23.00,11.00,1.00,0.00,1.00,12.53,0.00,22.40,0.00
0.00,39.00,11.00,1.00,0.00,1.00,23.27,0.00,20.24,0.00
0.00,41.00,10.00,1.00,0.00,1.00,29.52,0.00,22.37,0.00
0.00,32.00,10.00,1.00,0.00,0.00,17.90,0.00,18.36,0.00
0.00,40.00,5.00,1.00,0.00,1.00,24.35,0.00,4.17,0.00
0.00,37.00,11.00,1.00,0.00,1.00,27.93,0.00,11.42,0.00
0.00,37.00,11.00,1.00,0.00,1.00,27.93,0.00,13.14,0.00
1.00,29.00,10.00,1.00,0.00,1.00,14.61,0.00,17.43,0.00
0.00,28.00,7.00,1.00,0.00,1.00,16.52,0.00,16.37,0.00
1.00,39.00,9.00,1.00,0.00,1.00,19.34,0.00,8.00,0.00
1.00,39.00,9.00,1.00,0.00,1.00,19.34,0.00,24.59,0.00
0.00,34.00,8.00,1.00,0.00,1.00,25.06,0.00,23.23,0.00
0.00,49.00,10.00,1.00,0.00,1.00,0.00,1.00,1.96,0.00
0.00,49.00,10.00,1.00,0.00,1.00,0.00,1.00,0.00,1.00
0.00,47.00,6.00,1.00,0.00,1.00,16.11,0.00,4.55,0.00
0.00,30.00,9.00,1.00,0.00,1.00,17.90,0.00,13.47,0.00
0.00,31.00,9.00,1.00,0.00,1.00,17.90,0.00,10.74,0.00
0.00,44.00,7.00,1.00,0.00,1.00,21.48,0.00,20.08,0.00
1.00,48.00,10.00,1.00,0.00,1.00,10.74,0.00,20.47,0.00
0.00,27.00,11.00,1.00,0.00,1.00,7.88,0.00,8.12,0.00
0.00,22.00,11.00,1.00,0.00,0.00,14.32,0.00,10.02,0.00
1.00,22.00,11.00,1.00,0.00,0.00,10.38,0.00,8.97,0.00
0.00,26.00,6.00,1.00,0.00,1.00,19.61,0.00,10.36,0.00
0.00,22.00,9.00,1.00,0.00,1.00,20.84,0.00,17.29,0.00
0.00,33.00,6.00,1.00,0.00,1.00,11.92,0.00,0.00,1.00
1.00,34.00,11.00,1.00,0.00,0.00,4.30,0.00,1.03,0.00
1.00,23.00,11.00,1.00,0.00,1.00,11.64,0.00,15.47,0.00
0.00,25.00,9.00,1.00,0.00,0.00,14.32,0.00,7.44,0.00
1.00,28.00,9.00,1.00,0.00,1.00,14.32,0.00,20.09,0.00
0.00,35.00,11.00,1.00,0.00,1.00,17.90,0.00,1.96,0.00
0.00,29.00,10.00,1.00,0.00,1.00,19.56,0.00,18.72,0.00
0.00,42.00,8.00,1.00,0.00,1.00,21.48,0.00,2.19,0.00
0.00,47.00,11.00,1.00,0.00,1.00,21.48,0.00,5.78,0.00
0.00,39.00,10.00,1.00,0.00,0.00,25.06,0.00,14.94,0.00
0.00,43.00,8.00,1.00,0.00,1.00,25.06,0.00,11.74,0.00
0.00,43.00,8.00,1.00,0.00,1.00,25.06,0.00,26.73,0.00
0.00,28.00,10.00,1.00,0.00,1.00,30.44,0.00,10.10,0.00
0.00,47.00,11.00,1.00,0.00,1.00,32.11,0.00,20.29,0.00
0.00,53.00,4.00,1.00,0.00,1.00,17.90,0.00,4.77,0.00
0.00,54.00,4.00,1.00,0.00,0.00,21.93,0.00,0.00,1.00
0.00,44.00,7.00,1.00,0.00,1.00,29.13,0.00,21.70,0.00
0.00,54.00,3.00,1.00,0.00,1.00,19.21,0.00,0.00,1.00
0.00,34.00,10.00,1.00,0.00,1.00,23.27,0.00,13.85,0.00
0.00,48.00,5.00,1.00,0.00,1.00,27.21,0.00,18.43,0.00
1.00,25.00,10.00,1.00,0.00,1.00,17.90,0.00,3.17,0.00
0.00,53.00,6.00,1.00,0.00,1.00,21.48,0.00,8.59,0.00
1.00,31.00,6.00,1.00,0.00,0.00,21.48,0.00,19.44,0.00
1.00,50.00,6.00,1.00,0.00,1.00,8.19,0.00,0.00,1.00
0.00,31.00,11.00,1.00,0.00,1.00,29.72,0.00,13.41,0.00
0.00,21.00,9.00,1.00,0.00,0.00,32.66,0.00,14.60,0.00
0.00,36.00,11.00,1.00,0.00,1.00,25.06,0.00,21.34,0.00
0.00,44.00,9.00,1.00,0.00,1.00,29.29,0.00,12.11,0.00
0.00,46.00,8.00,1.00,0.00,1.00,14.18,0.00,8.83,0.00
0.00,48.00,6.00,1.00,0.00,0.00,23.27,0.00,5.80,0.00
0.00,50.00,7.00,1.00,0.00,1.00,25.06,0.00,5.96,0.00
0.00,50.00,7.00,1.00,0.00,1.00,25.06,0.00,8.51,0.00
0.00,26.00,11.00,1.00,0.00,1.00,26.50,0.00,24.80,0.00
0.00,30.00,10.00,1.00,0.00,0.00,28.65,0.00,15.57,0.00
0.00,46.00,10.00,1.00,0.00,1.00,32.23,0.00,17.35,0.00
0.00,33.00,10.00,1.00,0.00,0.00,27.93,0.00,1.82,0.00
0.00,53.00,5.00,1.00,0.00,1.00,5.32,0.00,0.20,0.00
0.00,24.00,10.00,1.00,0.00,1.00,21.48,0.00,11.40,0.00
0.00,55.00,3.00,1.00,0.00,1.00,26.93,0.00,0.00,1.00
0.00,41.00,10.00,1.00,0.00,0.00,30.51,0.00,18.95,0.00
1.00,25.00,11.00,1.00,0.00,1.00,13.25,0.00,20.31,0.00
0.00,23.00,11.00,1.00,0.00,1.00,26.85,0.00,2.18,0.00
0.00,42.00,11.00,1.00,0.00,0.00,30.44,0.00,6.46,0.00
0.00,53.00,9.00,1.00,0.00,1.00,27.40,0.00,1.55,0.00
0.00,31.00,8.00,1.00,0.00,1.00,21.70,0.00,7.50,0.00
0.00,19.00,11.00,1.00,0.00,0.00,21.48,0.00,10.67,0.00
1.00,31.00,11.00,1.00,0.00,0.00,8.63,0.00,20.47,0.00
1.00,25.00,11.00,1.00,0.00,0.00,13.96,0.00,7.29,0.00
0.00,23.00,11.00,1.00,0.00,1.00,16.83,0.00,25.69,0.00
0.00,34.00,10.00,1.00,0.00,0.00,25.06,0.00,9.86,0.00
0.00,51.00,8.00,1.00,0.00,1.00,11.60,0.00,9.13,0.00
1.00,53.00,4.00,1.00,0.00,1.00,1.97,0.00,2.03,0.00
0.00,48.00,8.00,1.00,0.00,1.00,23.27,0.00,0.00,1.00
1.00,48.00,8.00,1.00,0.00,1.00,23.27,0.00,14.08,0.00
0.00,23.00,11.00,1.00,0.00,1.00,21.48,0.00,14.53,0.00
1.00,42.00,8.00,1.00,0.00,0.00,21.13,0.00,13.63,0.00
1.00,30.00,10.00,1.00,0.00,1.00,0.00,1.00,7.05,0.00
1.00,47.00,12.00,0.00,0.00,0.00,0.00,1.00,3.23,0.00
0.00,44.00,12.00,0.00,0.00,0.00,0.00,1.00,0.00,1.00
0.00,54.00,12.00,0.00,0.00,1.00,0.00,1.00,0.04,0.00
0.00,55.00,12.00,0.00,1.00,1.00,0.00,1.00,0.00,1.00
1.00,47.00,12.00,0.00,0.00,1.00,0.00,1.00,0.00,1.00
0.00,44.00,12.00,0.00,0.00,1.00,0.00,1.00,0.00,1.00
1.00,49.00,14.00,0.00,0.00,1.00,0.00,1.00,0.00,1.00
0.00,55.00,14.00,0.00,0.00,1.00,0.00,1.00,0.00,1.00
1.00,34.00,16.00,0.00,0.00,1.00,0.00,1.00,8.97,0.00
0.00,55.00,13.00,0.00,1.00,1.00,0.00,1.00,0.00,1.00
1.00,52.00,12.00,0.00,0.00,1.00,0.00,1.00,0.00,1.00
0.00,52.00,15.00,0.00,0.00,1.00,0.00,1.00,1.25,0.00
1.00,30.00,16.00,0.00,0.00,1.00,0.00,1.00,2.80,0.00
1.00,21.00,12.00,0.00,0.00,0.00,0.00,1.00,7.99,0.00
1.00,30.00,17.00,0.00,0.00,0.00,0.00,1.00,4.95,0.00
0.00,44.00,12.00,0.00,0.00,1.00,0.00,1.00,0.00,1.00
1.00,46.00,12.00,0.00,0.00,0.00,0.00,1.00,0.00,1.00
0.00,53.00,17.00,0.00,0.00,1.00,0.00,1.00,0.00,1.00
1.00,26.00,16.00,0.00,0.00,0.00,0.00,1.00,22.00,0.00
0.00,49.00,12.00,0.00,0.00,1.00,0.00,1.00,0.00,1.00
1.00,39.00,15.00,0.00,0.00,1.00,0.00,1.00,14.07,0.00
0.00,26.00,17.00,0.00,0.00,1.00,0.00,1.00,13.44,0.00
0.00,32.00,16.00,0.00,0.00,1.00,0.00,1.00,4.88,0.00
1.00,34.00,12.00,0.00,0.00,1.00,0.00,1.00,1.88,0.00
1.00,31.00,14.00,0.00,0.00,1.00,0.00,1.00,5.20,0.00
1.00,39.00,17.00,0.00,1.00,1.00,0.00,1.00,0.88,0.00
0.00,40.00,17.00,0.00,0.00,1.00,0.00,1.00,4.67,0.00
1.00,31.00,12.00,0.00,0.00,1.00,0.00,1.00,10.87,0.00
0.00,27.00,13.00,0.00,0.00,1.00,0.00,1.00,5.29,0.00
0.00,48.00,12.00,0.00,0.00,1.00,0.00,1.00,6.39,0.00
0.00,41.00,13.00,0.00,0.00,1.00,0.00,1.00,0.34,0.00
1.00,26.00,14.00,0.00,0.00,0.00,0.00,1.00,12.54,0.00
0.00,50.00,17.00,0.00,0.00,0.00,0.00,1.00,8.02,0.00
0.00,48.00,12.00,0.00,0.00,1.00,0.00,1.00,9.38,0.00
0.00,45.00,16.00,0.00,0.00,1.00,0.00,1.00,0.00,1.00
0.00,37.00,13.00,0.00,0.00,1.00,0.00,1.00,13.86,0.00
1.00,33.00,12.00,0.00,0.00,1.00,0.00,1.00,4.10,0.00
0.00,31.00,12.00,0.00,0.00,1.00,0.00,1.00,14.95,0.00
0.00,44.00,13.00,0.00,0.00,1.00,0.00,1.00,0.00,1.00
1.00,28.00,17.00,0.00,0.00,1.00,0.00,1.00,15.00,0.00
1.00,30.00,17.00,0.00,0.00,1.00,0.00,1.00,17.60,0.00
0.00,42.00,16.00,0.00,0.00,1.00,0.00,1.00,6.98,0.00
1.00,30.00,12.00,0.00,0.00,1.00,0.00,1.00,22.79,0.00
0.00,27.00,16.00,0.00,0.00,1.00,0.00,1.00,2.19,0.00
0.00,37.00,12.00,0.00,0.00,1.00,0.00,1.00,0.00,1.00
1.00,37.00,12.00,0.00,0.00,1.00,0.00,1.00,0.00,1.00
0.00,45.00,12.00,0.00,0.00,1.00,0.00,1.00,0.00,1.00
0.00,35.00,16.00,0.00,0.00,1.00,0.00,1.00,6.14,0.00
0.00,37.00,17.00,0.00,0.00,1.00,0.00,1.00,5.47,0.00
1.00,27.00,17.00,0.00,0.00,1.00,0.00,1.00,4.50,0.00
0.00,47.00,14.00,0.00,0.00,1.00,0.00,1.00,0.00,1.00
0.00,48.00,12.00,0.00,0.00,1.00,0.00,1.00,4.67,0.00
0.00,42.00,12.00,0.00,0.00,1.00,0.00,1.00,9.27,0.00
0.00,43.00,12.00,0.00,0.00,1.00,0.00,1.00,0.00,1.00
0.00,46.00,12.00,0.00,0.00,1.00,0.00,1.00,0.79,0.00
1.00,46.00,12.00,0.00,0.00,1.00,0.00,1.00,0.00,1.00
0.00,46.00,12.00,0.00,0.00,1.00,0.00,1.00,2.63,0.00
0.00,29.00,16.00,0.00,0.00,1.00,0.00,1.00,0.00,1.00
0.00,39.00,13.00,0.00,0.00,1.00,0.00,1.00,0.00,1.00
0.00,32.00,12.00,0.00,0.00,1.00,0.00,1.00,14.01,0.00
0.00,48.00,16.00,0.00,0.00,1.00,0.00,1.00,0.00,1.00
0.00,48.00,16.00,0.00,0.00,1.00,0.00,1.00,5.51,0.00
0.00,41.00,13.00,0.00,0.00,1.00,0.00,1.00,11.36,0.00
0.00,42.00,13.00,0.00,0.00,1.00,0.00,1.00,10.67,0.00
0.00,42.00,13.00,0.00,0.00,1.00,0.00,1.00,0.00,1.00
0.00,42.00,13.00,0.00,0.00,1.00,0.00,1.00,12.13,0.00
1.00,54.00,13.00,0.00,0.00,1.00,0.00,1.00,2.62,0.00
0.00,29.00,14.00,0.00,0.00,1.00,0.00,1.00,12.47,0.00
0.00,54.00,12.00,0.00,0.00,1.00,0.00,1.00,0.00,1.00
0.00,54.00,12.00,0.00,0.00,1.00,0.00,1.00,0.00,1.00
0.00,26.00,14.00,0.00,0.00,1.00,0.00,1.00,0.00,1.00
0.00,43.00,17.00,0.00,0.00,1.00,0.00,1.00,10.33,0.00
0.00,54.00,12.00,0.00,0.00,1.00,0.00,1.00,0.00,1.00
1.00,37.00,12.00,0.00,0.00,1.00,0.00,1.00,6.41,0.00
1.00,54.00,16.00,0.00,0.00,1.00,0.00,1.00,0.00,1.00
0.00,48.00,17.00,0.00,0.00,1.00,0.00,1.00,0.00,1.00
0.00,44.00,12.00,0.00,0.00,1.00,0.00,1.00,10.03,0.00
1.00,54.00,12.00,0.00,0.00,1.00,0.00,1.00,0.00,1.00
0.00,38.00,12.00,0.00,0.00,1.00,0.00,1.00,1.16,0.00
0.00,37.00,13.00,0.00,0.00,1.00,0.00,1.00,16.25,0.00
1.00,27.00,17.00,0.00,0.00,1.00,0.00,1.00,11.08,0.00
0.00,51.00,12.00,0.00,0.00,1.00,0.00,1.00,0.00,1.00
1.00,39.00,12.00,0.00,0.00,1.00,0.00,1.00,18.04,0.00
0.00,55.00,14.00,0.00,0.00,1.00,0.00,1.00,0.16,0.00
0.00,54.00,13.00,0.00,0.00,1.00,0.00,1.00,0.00,1.00
1.00,54.00,13.00,0.00,0.00,1.00,0.00,1.00,0.00,1.00
1.00,34.00,12.00,0.00,0.00,1.00,0.00,1.00,0.00,1.00
0.00,50.00,14.00,0.00,0.00,1.00,0.00,1.00,3.87,0.00
0.00,50.00,12.00,0.00,0.00,1.00,0.00,1.00,0.00,1.00
1.00,21.00,14.00,0.00,1.00,0.00,0.14,0.00,10.95,0.00
1.00,26.00,12.00,0.00,0.00,1.00,0.14,0.00,15.45,0.00
1.00,21.00,13.00,0.00,0.00,0.00,1.39,0.00,2.06,0.00
1.00,23.00,16.00,0.00,0.00,1.00,3.04,0.00,8.79,0.00
1.00,21.00,15.00,0.00,0.00,0.00,6.45,0.00,10.61,0.00
1.00,23.00,14.00,0.00,0.00,0.00,6.80,0.00,6.92,0.00
0.00,27.00,16.00,0.00,0.00,1.00,9.67,0.00,16.93,0.00
1.00,25.00,12.00,0.00,0.00,1.00,11.46,0.00,18.49,0.00
1.00,27.00,17.00,0.00,0.00,0.00,12.17,0.00,14.71,0.00
0.00,55.00,12.00,0.00,0.00,1.00,12.53,0.00,0.00,1.00
0.00,20.00,12.00,0.00,0.00,1.00,14.32,0.00,5.66,0.00
0.00,18.00,12.00,0.00,0.00,1.00,16.11,0.00,17.71,0.00
0.00,27.00,12.00,0.00,0.00,1.00,16.47,0.00,15.98,0.00
0.00,28.00,16.00,0.00,0.00,1.00,17.90,0.00,20.58,0.00
0.00,36.00,12.00,0.00,0.00,1.00,21.48,0.00,21.66,0.00
0.00,27.00,13.00,0.00,0.00,1.00,32.23,0.00,28.52,0.00
0.00,45.00,17.00,0.00,0.00,1.00,32.23,0.00,21.40,0.00
0.00,45.00,17.00,0.00,0.00,1.00,32.23,0.00,1.90,0.00
0.00,45.00,17.00,0.00,0.00,1.00,32.23,0.00,28.79,0.00
0.00,32.00,16.00,0.00,0.00,1.00,13.82,0.00,23.04,0.00
0.00,22.00,13.00,0.00,0.00,0.00,0.00,1.00,2.78,0.00
1.00,35.00,15.00,0.00,0.00,1.00,1.07,0.00,2.31,0.00
0.00,26.00,15.00,0.00,0.00,0.00,3.76,0.00,13.04,0.00
0.00,29.00,17.00,0.00,0.00,1.00,17.90,0.00,17.88,0.00
0.00,19.00,12.00,0.00,0.00,1.00,17.19,0.00,17.00,0.00
1.00,48.00,16.00,0.00,0.00,1.00,2.93,0.00,3.28,0.00
1.00,48.00,16.00,0.00,0.00,1.00,2.93,0.00,10.87,0.00
1.00,24.00,17.00,0.00,0.00,1.00,0.00,1.00,5.44,0.00
1.00,27.00,16.00,0.00,0.00,1.00,2.51,0.00,14.65,0.00
1.00,21.00,14.00,0.00,0.00,0.00,5.37,0.00,9.39,0.00
0.00,53.00,13.00,0.00,0.00,1.00,7.88,0.00,1.31,0.00
0.00,53.00,13.00,0.00,0.00,1.00,7.88,0.00,0.00,1.00
0.00,53.00,16.00,0.00,0.00,1.00,0.00,1.00,0.00,1.00
0.00,22.00,15.00,0.00,0.00,1.00,10.74,0.00,12.88,0.00
0.00,21.00,15.00,0.00,0.00,0.00,19.34,0.00,9.47,0.00
1.00,30.00,12.00,0.00,0.00,1.00,3.58,0.00,2.18,0.00
1.00,22.00,15.00,0.00,0.00,0.00,5.73,0.00,9.54,0.00
0.00,23.00,13.00,0.00,0.00,1.00,10.74,0.00,15.20,0.00
1.00,33.00,12.00,0.00,0.00,1.00,0.00,1.00,1.16,0.00
0.00,24.00,13.00,0.00,0.00,0.00,6.26,0.00,4.71,0.00
0.00,19.00,12.00,0.00,0.00,1.00,21.48,0.00,14.38,0.00
0.00,22.00,15.00,0.00,0.00,1.00,34.37,0.00,9.38,0.00
0.00,43.00,14.00,0.00,0.00,1.00,0.00,1.00,9.27,0.00
1.00,39.00,12.00,0.00,0.00,1.00,14.32,0.00,6.33,0.00
1.00,19.00,14.00,0.00,0.00,0.00,6.45,0.00,10.02,0.00
0.00,26.00,17.00,0.00,0.00,1.00,25.06,0.00,18.28,0.00
0.00,18.00,12.00,0.00,0.00,1.00,22.20,0.00,10.14,0.00
1.00,23.00,15.00,0.00,0.00,1.00,5.01,0.00,18.84,0.00
0.00,27.00,12.00,0.00,0.00,1.00,0.00,1.00,0.00,1.00
0.00,29.00,17.00,0.00,0.00,1.00,30.44,0.00,11.21,0.00
1.00,27.00,12.00,0.00,0.00,1.00,0.51,0.00,6.27,0.00
0.00,27.00,15.00,0.00,0.00,1.00,9.31,0.00,13.66,0.00
0.00,22.00,12.00,0.00,0.00,1.00,30.79,0.00,18.23,0.00
0.00,26.00,17.00,0.00,0.00,0.00,23.27,0.00,23.41,0.00
0.00,20.00,12.00,0.00,0.00,1.00,0.00,1.00,0.00,1.00
1.00,30.00,17.00,0.00,0.00,1.00,8.59,0.00,27.37,0.00
0.00,21.00,14.00,0.00,0.00,1.00,18.62,0.00,12.50,0.00
0.00,25.00,16.00,0.00,0.00,1.00,5.91,0.00,34.24,0.00
0.00,27.00,15.00,0.00,0.00,1.00,0.00,1.00,6.98,0.00
0.00,29.00,16.00,0.00,0.00,1.00,34.37,0.00,22.37,0.00
1.00,20.00,12.00,0.00,0.00,0.00,1.43,0.00,11.01,0.00
0.00,52.00,12.00,0.00,0.00,1.00,0.00,1.00,0.00,1.00
0.00,23.00,17.00,0.00,0.00,0.00,4.30,0.00,10.23,0.00
0.00,21.00,14.00,0.00,0.00,1.00,14.32,0.00,16.75,0.00
1.00,24.00,16.00,0.00,0.00,0.00,17.90,0.00,10.66,0.00
0.00,30.00,17.00,0.00,0.00,1.00,24.17,0.00,13.49,0.00
0.00,25.00,17.00,0.00,0.00,0.00,34.83,0.00,21.12,0.00
0.00,21.00,12.00,0.00,0.00,1.00,13.61,0.00,5.61,0.00
0.00,28.00,12.00,0.00,0.00,1.00,21.48,0.00,18.60,0.00
0.00,20.00,12.00,0.00,0.00,1.00,12.53,0.00,20.48,0.00
1.00,36.00,16.00,0.00,0.00,0.00,9.67,0.00,15.57,0.00
0.00,47.00,12.00,0.00,0.00,1.00,19.03,0.00,3.23,0.00
0.00,24.00,16.00,0.00,0.00,1.00,9.67,0.00,18.29,0.00
0.00,25.00,17.00,0.00,0.00,1.00,21.13,0.00,29.83,0.00
0.00,21.00,16.00,0.00,0.00,1.00,21.13,0.00,13.78,0.00
0.00,26.00,14.00,0.00,0.00,1.00,26.85,0.00,20.68,0.00
0.00,20.00,13.00,0.00,1.00,1.00,20.05,0.00,19.31,0.00
0.00,27.00,14.00,0.00,0.00,1.00,0.00,1.00,6.41,0.00
0.00,26.00,12.00,0.00,0.00,0.00,23.27,0.00,10.09,0.00
1.00,23.00,17.00,0.00,0.00,1.00,10.74,0.00,3.85,0.00
0.00,21.00,12.00,0.00,0.00,1.00,25.06,0.00,25.33,0.00
0.00,28.00,14.00,0.00,0.00,1.00,15.75,0.00,9.50,0.00
1.00,25.00,14.00,0.00,0.00,0.00,3.58,0.00,14.11,0.00
1.00,30.00,12.00,0.00,0.00,1.00,6.45,0.00,19.58,0.00
0.00,22.00,13.00,0.00,0.00,0.00,12.53,0.00,24.34,0.00
0.00,23.00,16.00,0.00,0.00,1.00,28.29,0.00,17.15,0.00
0.00,19.00,13.00,0.00,0.00,0.00,30.44,0.00,12.72,0.00
0.00,21.00,14.00,0.00,0.00,1.00,22.82,0.00,18.16,0.00
1.00,29.00,17.00,0.00,0.00,1.00,14.32,0.00,21.89,0.00
0.00,27.00,16.00,0.00,0.00,1.00,23.27,0.00,18.27,0.00
0.00,28.00,15.00,0.00,0.00,1.00,30.44,0.00,11.44,0.00
0.00,26.00,12.00,0.00,0.00,1.00,0.00,1.00,10.49,0.00
1.00,54.00,12.00,0.00,0.00,1.00,0.00,1.00,7.28,0.00
0.00,27.00,15.00,0.00,0.00,1.00,21.48,0.00,10.87,0.00
0.00,26.00,13.00,0.00,0.00,0.00,11.46,0.00,13.57,0.00
0.00,21.00,12.00,0.00,0.00,1.00,15.87,0.00,21.29,0.00
0.00,21.00,13.00,0.00,0.00,1.00,25.49,0.00,12.78,0.00
1.00,22.00,13.00,0.00,0.00,0.00,7.52,0.00,2.79,0.00
1.00,27.00,16.00,0.00,0.00,0.00,0.00,1.00,4.80,0.00
1.00,37.00,15.00,0.00,1.00,1.00,0.36,0.00,20.51,0.00
0.00,33.00,13.00,0.00,0.00,0.00,7.16,0.00,0.00,1.00
0.00,28.00,12.00,0.00,0.00,1.00,8.95,0.00,8.74,0.00
0.00,24.00,12.00,0.00,0.00,0.00,10.74,0.00,3.59,0.00
1.00,22.00,12.00,0.00,0.00,0.00,15.00,0.00,12.15,0.00
0.00,23.00,12.00,0.00,0.00,1.00,17.90,0.00,15.75,0.00
0.00,19.00,12.00,0.00,1.00,1.00,25.06,0.00,19.96,0.00
0.00,27.00,14.00,0.00,0.00,0.00,28.65,0.00,18.50,0.00
0.00,22.00,16.00,0.00,0.00,1.00,32.23,0.00,25.29,0.00
0.00,42.00,12.00,0.00,0.00,1.00,32.23,0.00,10.06,0.00
0.00,20.00,13.00,0.00,0.00,0.00,34.98,0.00,22.92,0.00
1.00,29.00,13.00,0.00,0.00,0.00,0.00,1.00,2.71,0.00
0.00,19.00,12.00,0.00,0.00,1.00,18.62,0.00,15.85,0.00
0.00,26.00,12.00,0.00,0.00,1.00,27.21,0.00,22.34,0.00
0.00,29.00,12.00,0.00,0.00,1.00,11.82,0.00,15.08,0.00
0.00,25.00,12.00,0.00,0.00,0.00,18.26,0.00,12.94,0.00
1.00,21.00,12.00,0.00,0.00,1.00,11.46,0.00,15.66,0.00
1.00,22.00,12.00,0.00,0.00,1.00,19.88,0.00,19.48,0.00
0.00,22.00,12.00,0.00,0.00,1.00,21.48,0.00,17.95,0.00
0.00,18.00,12.00,0.00,0.00,0.00,28.65,0.00,18.80,0.00
0.00,25.00,12.00,0.00,0.00,1.00,32.23,0.00,17.21,0.00
0.00,23.00,12.00,0.00,0.00,1.00,14.32,0.00,15.99,0.00
0.00,21.00,12.00,0.00,0.00,1.00,29.99,0.00,18.67,0.00
1.00,19.00,12.00,0.00,0.00,1.00,11.10,0.00,12.52,0.00
0.00,46.00,12.00,0.00,0.00,1.00,17.01,0.00,11.01,0.00
1.00,24.00,12.00,0.00,0.00,1.00,5.73,0.00,0.00,1.00
1.00,20.00,13.00,0.00,1.00,0.00,0.00,1.00,11.41,0.00
0.00,24.00,17.00,0.00,0.00,1.00,10.74,0.00,16.33,0.00
0.00,23.00,12.00,0.00,0.00,1.00,18.26,0.00,14.78,0.00
0.00,34.00,12.00,0.00,0.00,1.00,18.33,0.00,17.70,0.00
0.00,35.00,12.00,0.00,0.00,1.00,18.63,0.00,9.00,0.00
0.00,23.00,12.00,0.00,0.00,0.00,23.67,0.00,22.28,0.00
0.00,21.00,12.00,0.00,1.00,1.00,17.55,0.00,10.44,0.00
1.00,26.00,12.00,0.00,0.00,1.00,0.00,1.00,0.00,1.00
0.00,23.00,13.00,0.00,0.00,1.00,17.19,0.00,18.97,0.00
0.00,27.00,12.00,0.00,1.00,1.00,22.56,0.00,10.10,0.00
0.00,50.00,12.00,0.00,1.00,1.00,19.69,0.00,24.29,0.00
1.00,25.00,12.00,0.00,0.00,1.00,5.37,0.00,11.74,0.00
0.00,21.00,13.00,0.00,0.00,1.00,17.19,0.00,5.92,0.00
0.00,19.00,12.00,0.00,0.00,1.00,19.69,0.00,13.74,0.00
0.00,20.00,12.00,0.00,0.00,1.00,20.41,0.00,16.83,0.00
0.00,32.00,12.00,0.00,0.00,1.00,22.92,0.00,16.41,0.00
0.00,24.00,13.00,0.00,0.00,1.00,22.92,0.00,17.51,0.00
0.00,26.00,14.00,0.00,0.00,1.00,26.85,0.00,16.06,0.00
0.00,20.00,12.00,0.00,0.00,1.00,26.85,0.00,8.76,0.00
0.00,24.00,17.00,0.00,0.00,0.00,32.23,0.00,16.10,0.00
0.00,21.00,13.00,0.00,0.00,0.00,32.23,0.00,13.57,0.00
0.00,22.00,12.00,0.00,0.00,0.00,28.65,0.00,8.49,0.00
0.00,47.00,12.00,0.00,0.00,1.00,21.05,0.00,0.00,1.00
0.00,22.00,12.00,0.00,0.00,0.00,31.51,0.00,12.26,0.00
0.00,35.00,12.00,0.00,0.00,1.00,18.62,0.00,14.32,0.00
0.00,49.00,12.00,0.00,0.00,1.00,22.16,0.00,5.42,0.00
1.00,23.00,12.00,0.00,0.00,1.00,21.13,0.00,15.23,0.00
1.00,34.00,17.00,0.00,0.00,0.00,14.32,0.00,21.29,0.00
0.00,21.00,12.00,0.00,0.00,1.00,16.11,0.00,18.10,0.00
1.00,23.00,12.00,0.00,0.00,1.00,10.74,0.00,8.26,0.00
1.00,23.00,12.00,0.00,0.00,1.00,14.32,0.00,17.75,0.00
0.00,32.00,17.00,0.00,0.00,0.00,14.32,0.00,14.62,0.00
0.00,34.00,12.00,0.00,0.00,1.00,23.27,0.00,28.81,0.00
0.00,29.00,12.00,0.00,0.00,1.00,25.06,0.00,17.63,0.00
0.00,28.00,14.00,0.00,0.00,1.00,26.85,0.00,12.33,0.00
0.00,18.00,12.00,0.00,0.00,0.00,28.65,0.00,7.18,0.00
0.00,25.00,13.00,0.00,0.00,1.00,33.48,0.00,16.30,0.00
0.00,24.00,12.00,0.00,0.00,0.00,31.51,0.00,11.76,0.00
1.00,23.00,12.00,0.00,0.00,1.00,20.41,0.00,19.18,0.00
1.00,46.00,12.00,0.00,0.00,1.00,14.32,0.00,16.02,0.00
0.00,41.00,12.00,0.00,0.00,1.00,21.48,0.00,10.20,0.00
0.00,19.00,12.00,0.00,0.00,1.00,28.29,0.00,18.71,0.00
0.00,29.00,12.00,0.00,0.00,1.00,18.08,0.00,16.98,0.00
0.00,22.00,12.00,0.00,0.00,1.00,9.31,0.00,13.92,0.00
0.00,21.00,12.00,0.00,0.00,0.00,19.34,0.00,10.87,0.00
0.00,27.00,12.00,0.00,0.00,1.00,25.06,0.00,7.26,0.00
0.00,37.00,12.00,0.00,0.00,1.00,22.74,0.00,16.30,0.00
0.00,44.00,12.00,0.00,0.00,1.00,14.68,0.00,13.37,0.00
0.00,38.00,16.00,0.00,0.00,1.00,15.75,0.00,11.92,0.00
0.00,34.00,12.00,0.00,0.00,1.00,0.00,1.00,3.67,0.00
0.00,49.00,12.00,0.00,0.00,0.00,0.00,1.00,5.93,0.00
1.00,23.00,12.00,0.00,0.00,1.00,0.00,1.00,0.00,1.00
0.00,43.00,12.00,0.00,0.00,1.00,0.00,1.00,0.00,1.00
0.00,28.00,16.00,0.00,0.00,0.00,12.89,0.00,0.49,0.00
0.00,53.00,12.00,0.00,0.00,1.00,19.79,0.00,0.00,1.00
0.00,21.00,12.00,0.00,0.00,1.00,20.41,0.00,3.99,0.00
0.00,21.00,12.00,0.00,0.00,1.00,21.48,0.00,22.37,0.00
0.00,24.00,12.00,0.00,0.00,1.00,22.15,0.00,19.71,0.00
0.00,21.00,12.00,0.00,0.00,0.00,23.27,0.00,2.09,0.00
0.00,23.00,14.00,0.00,0.00,1.00,23.27,0.00,13.55,0.00
0.00,28.00,12.00,0.00,0.00,1.00,25.06,0.00,20.72,0.00
0.00,28.00,12.00,0.00,0.00,1.00,25.06,0.00,6.93,0.00
0.00,25.00,17.00,0.00,0.00,1.00,25.24,0.00,27.46,0.00
0.00,23.00,13.00,0.00,0.00,1.00,26.85,0.00,8.24,0.00
0.00,30.00,12.00,0.00,0.00,1.00,27.27,0.00,13.78,0.00
0.00,23.00,12.00,0.00,0.00,1.00,27.57,0.00,20.31,0.00
0.00,26.00,12.00,0.00,0.00,1.00,28.65,0.00,21.69,0.00
0.00,26.00,12.00,0.00,0.00,1.00,28.65,0.00,10.29,0.00
0.00,22.00,12.00,0.00,0.00,1.00,28.93,0.00,12.91,0.00
0.00,28.00,16.00,0.00,0.00,1.00,30.44,0.00,21.02,0.00
0.00,24.00,16.00,0.00,0.00,1.00,32.23,0.00,24.20,0.00
0.00,45.00,12.00,0.00,0.00,1.00,22.54,0.00,11.69,0.00
0.00,31.00,16.00,0.00,0.00,1.00,19.69,0.00,10.60,0.00
0.00,25.00,14.00,0.00,0.00,1.00,28.65,0.00,19.12,0.00
0.00,22.00,12.00,0.00,0.00,1.00,32.05,0.00,6.19,0.00
0.00,36.00,12.00,0.00,0.00,1.00,27.93,0.00,23.37,0.00
0.00,27.00,12.00,0.00,0.00,1.00,28.65,0.00,19.10,0.00
0.00,33.00,12.00,0.00,0.00,1.00,32.23,0.00,30.53,0.00
0.00,46.00,12.00,0.00,0.00,1.00,23.27,0.00,10.94,0.00
0.00,23.00,14.00,0.00,0.00,1.00,25.06,0.00,5.35,0.00
0.00,25.00,16.00,0.00,0.00,1.00,27.21,0.00,19.20,0.00
0.00,27.00,14.00,0.00,0.00,1.00,33.66,0.00,29.33,0.00
0.00,49.00,16.00,0.00,0.00,1.00,24.71,0.00,17.63,0.00
0.00,22.00,12.00,0.00,0.00,1.00,25.06,0.00,24.12,0.00
0.00,22.00,13.00,0.00,0.00,0.00,25.06,0.00,14.37,0.00
0.00,23.00,17.00,0.00,0.00,0.00,28.65,0.00,10.72,0.00
0.00,26.00,12.00,0.00,0.00,1.00,28.65,0.00,7.62,0.00
0.00,22.00,12.00,0.00,0.00,0.00,32.23,0.00,14.89,0.00
1.00,28.00,12.00,0.00,0.00,1.00,14.32,0.00,17.84,0.00
1.00,20.00,12.00,0.00,0.00,1.00,4.73,0.00,0.00,1.00
0.00,26.00,12.00,0.00,0.00,1.00,22.20,0.00,7.02,0.00
0.00,24.00,12.00,0.00,0.00,1.00,27.93,0.00,23.05,0.00
0.00,22.00,12.00,0.00,0.00,1.00,17.90,0.00,13.84,0.00
0.00,27.00,17.00,0.00,0.00,1.00,21.48,0.00,15.48,0.00
0.00,26.00,12.00,0.00,0.00,1.00,24.35,0.00,15.98,0.00
0.00,19.00,12.00,0.00,0.00,1.00,25.06,0.00,17.19,0.00
0.00,20.00,12.00,0.00,0.00,1.00,17.55,0.00,5.53,0.00
0.00,25.00,12.00,0.00,0.00,1.00,28.41,0.00,14.31,0.00
0.00,29.00,16.00,0.00,0.00,1.00,10.74,0.00,9.21,0.00
1.00,23.00,14.00,0.00,0.00,0.00,24.35,0.00,23.66,0.00
0.00,28.00,12.00,0.00,0.00,1.00,25.06,0.00,19.00,0.00
0.00,30.00,14.00,0.00,0.00,1.00,28.65,0.00,23.23,0.00
0.00,24.00,12.00,0.00,1.00,1.00,32.94,0.00,16.82,0.00
0.00,27.00,12.00,0.00,0.00,1.00,31.67,0.00,16.10,0.00
1.00,42.00,13.00,0.00,0.00,1.00,0.00,1.00,13.63,0.00
0.00,47.00,12.00,0.00,0.00,1.00,0.00,1.00,0.00,1.00
0.00,26.00,12.00,0.00,0.00,1.00,1.43,0.00,23.39,0.00
1.00,21.00,12.00,0.00,0.00,1.00,6.45,0.00,13.97,0.00
0.00,25.00,16.00,0.00,0.00,0.00,12.08,0.00,8.40,0.00
0.00,23.00,12.00,0.00,0.00,0.00,21.48,0.00,24.37,0.00
0.00,31.00,12.00,0.00,0.00,1.00,25.06,0.00,17.48,0.00
0.00,30.00,12.00,0.00,0.00,1.00,25.06,0.00,12.00,0.00
0.00,28.00,17.00,0.00,0.00,1.00,26.85,0.00,16.52,0.00
0.00,24.00,12.00,0.00,0.00,1.00,26.85,0.00,14.74,0.00
0.00,28.00,12.00,0.00,0.00,1.00,27.21,0.00,19.77,0.00
0.00,23.00,12.00,0.00,0.00,0.00,28.65,0.00,12.75,0.00
0.00,35.00,12.00,0.00,0.00,0.00,30.08,0.00,14.15,0.00
0.00,27.00,14.00,0.00,0.00,1.00,30.44,0.00,14.14,0.00
0.00,23.00,12.00,0.00,0.00,1.00,31.51,0.00,30.81,0.00
0.00,24.00,12.00,0.00,0.00,1.00,32.23,0.00,14.89,0.00
0.00,21.00,14.00,0.00,0.00,1.00,17.56,0.00,19.68,0.00
0.00,20.00,12.00,0.00,0.00,1.00,28.65,0.00,3.99,0.00
1.00,29.00,12.00,0.00,0.00,1.00,14.32,0.00,14.09,0.00
0.00,22.00,12.00,0.00,1.00,1.00,17.22,0.00,20.96,0.00
0.00,24.00,12.00,0.00,0.00,0.00,26.85,0.00,16.48,0.00
0.00,27.00,12.00,0.00,0.00,1.00,29.72,0.00,23.30,0.00
0.00,23.00,12.00,0.00,0.00,1.00,22.20,0.00,25.16,0.00
0.00,23.00,16.00,0.00,0.00,0.00,12.53,0.00,15.88,0.00
0.00,33.00,14.00,0.00,0.00,1.00,28.65,0.00,15.09,0.00
0.00,34.00,12.00,0.00,0.00,1.00,28.65,0.00,19.52,0.00
0.00,44.00,12.00,0.00,0.00,1.00,28.85,0.00,15.70,0.00
0.00,37.00,13.00,0.00,0.00,1.00,17.90,0.00,5.89,0.00
0.00,26.00,16.00,0.00,0.00,1.00,23.27,0.00,16.29,0.00
0.00,23.00,13.00,0.00,0.00,1.00,28.65,0.00,15.74,0.00
0.00,27.00,12.00,0.00,0.00,1.00,28.65,0.00,15.50,0.00
0.00,21.00,12.00,0.00,0.00,1.00,30.44,0.00,5.58,0.00
1.00,24.00,12.00,0.00,0.00,1.00,1.44,0.00,6.94,0.00
0.00,26.00,12.00,0.00,0.00,1.00,21.48,0.00,19.46,0.00
0.00,24.00,13.00,0.00,0.00,1.00,28.65,0.00,20.38,0.00
0.00,50.00,12.00,0.00,0.00,1.00,28.65,0.00,7.51,0.00
0.00,50.00,12.00,0.00,0.00,1.00,28.65,0.00,9.19,0.00
0.00,28.00,13.00,0.00,0.00,1.00,28.65,0.00,14.93,0.00
0.00,22.00,12.00,0.00,0.00,1.00,17.90,0.00,16.50,0.00
0.00,29.00,12.00,0.00,0.00,0.00,28.74,0.00,15.04,0.00
1.00,27.00,17.00,0.00,0.00,0.00,0.00,1.00,0.00,1.00
0.00,46.00,12.00,0.00,0.00,1.00,1.47,0.00,0.00,1.00
0.00,21.00,13.00,0.00,0.00,0.00,9.89,0.00,18.96,0.00
0.00,37.00,12.00,0.00,0.00,1.00,17.90,0.00,15.74,0.00
1.00,37.00,12.00,0.00,0.00,1.00,17.90,0.00,1.97,0.00
0.00,22.00,12.00,0.00,0.00,0.00,21.48,0.00,10.90,0.00
0.00,22.00,12.00,0.00,0.00,0.00,23.27,0.00,21.28,0.00
0.00,27.00,12.00,0.00,0.00,1.00,25.06,0.00,12.88,0.00
0.00,49.00,16.00,0.00,0.00,1.00,25.78,0.00,13.35,0.00
0.00,26.00,12.00,0.00,0.00,1.00,26.85,0.00,23.93,0.00
0.00,33.00,14.00,0.00,0.00,1.00,26.85,0.00,14.04,0.00
0.00,28.00,15.00,0.00,0.00,1.00,27.57,0.00,24.31,0.00
0.00,29.00,17.00,0.00,0.00,1.00,28.29,0.00,20.05,0.00
0.00,25.00,14.00,0.00,1.00,1.00,28.65,0.00,2.89,0.00
0.00,32.00,12.00,0.00,0.00,1.00,28.65,0.00,5.88,0.00
0.00,40.00,12.00,0.00,0.00,1.00,28.65,0.00,18.50,0.00
0.00,40.00,12.00,0.00,0.00,1.00,28.65,0.00,20.06,0.00
0.00,27.00,16.00,0.00,0.00,1.00,28.65,0.00,17.19,0.00
0.00,36.00,12.00,0.00,0.00,1.00,25.45,0.00,17.72,0.00
0.00,23.00,12.00,0.00,0.00,1.00,9.67,0.00,24.73,0.00
0.00,22.00,12.00,0.00,0.00,0.00,19.69,0.00,8.52,0.00
0.00,28.00,12.00,0.00,0.00,1.00,26.60,0.00,19.05,0.00
1.00,24.00,12.00,0.00,1.00,1.00,17.90,0.00,28.61,0.00
1.00,26.00,13.00,0.00,0.00,0.00,7.16,0.00,14.01,0.00
0.00,25.00,12.00,0.00,0.00,1.00,24.36,0.00,6.35,0.00
0.00,28.00,14.00,0.00,0.00,0.00,24.35,0.00,20.46,0.00
0.00,24.00,12.00,0.00,0.00,1.00,18.62,0.00,7.05,0.00
0.00,26.00,14.00,0.00,0.00,1.00,14.32,0.00,16.33,0.00
0.00,20.00,15.00,0.00,0.00,1.00,16.11,0.00,14.46,0.00
0.00,23.00,12.00,0.00,0.00,1.00,25.06,0.00,26.43,0.00
0.00,23.00,12.00,0.00,0.00,1.00,0.00,1.00,2.75,0.00
0.00,34.00,12.00,0.00,0.00,1.00,0.00,1.00,0.22,0.00
0.00,24.00,12.00,0.00,1.00,1.00,9.70,0.00,24.90,0.00
1.00,28.00,12.00,0.00,0.00,0.00,10.03,0.00,7.96,0.00
0.00,28.00,12.00,0.00,0.00,1.00,22.20,0.00,10.28,0.00
0.00,21.00,13.00,0.00,0.00,1.00,17.90,0.00,17.60,0.00
0.00,47.00,17.00,0.00,0.00,1.00,20.05,0.00,1.99,0.00
0.00,26.00,12.00,0.00,1.00,1.00,0.00,1.00,12.54,0.00
0.00,28.00,12.00,0.00,0.00,1.00,0.00,1.00,7.87,0.00
1.00,33.00,17.00,0.00,0.00,0.00,0.00,1.00,5.46,0.00
1.00,50.00,16.00,0.00,0.00,0.00,0.00,1.00,2.80,0.00
0.00,26.00,13.00,0.00,0.00,1.00,0.00,1.00,5.17,0.00
0.00,25.00,12.00,0.00,0.00,1.00,17.47,0.00,6.85,0.00
0.00,24.00,12.00,0.00,0.00,1.00,13.25,0.00,15.71,0.00
0.00,24.00,14.00,0.00,0.00,1.00,0.00,1.00,15.25,0.00
1.00,29.00,12.00,0.00,0.00,1.00,0.00,1.00,4.39,0.00
0.00,42.00,16.00,0.00,0.00,1.00,0.00,1.00,13.79,0.00
0.00,28.00,12.00,0.00,0.00,1.00,16.73,0.00,5.66,0.00
1.00,26.00,13.00,0.00,1.00,1.00,11.34,0.00,19.57,0.00
0.00,27.00,15.00,0.00,0.00,1.00,0.00,1.00,0.00,1.00
0.00,26.00,12.00,0.00,0.00,1.00,0.00,1.00,2.76,0.00
1.00,24.00,13.00,0.00,0.00,1.00,3.58,0.00,11.91,0.00
0.00,34.00,16.00,0.00,0.00,1.00,0.00,1.00,0.00,1.00
1.00,50.00,12.00,0.00,0.00,1.00,0.00,1.00,0.00,1.00
0.00,31.00,17.00,0.00,0.00,1.00,0.00,1.00,3.62,0.00
0.00,41.00,13.00,0.00,0.00,0.00,0.00,1.00,0.00,1.00
1.00,28.00,12.00,0.00,0.00,1.00,0.00,1.00,4.54,0.00
0.00,53.00,6.00,0.00,0.00,1.00,0.00,1.00,0.00,1.00
0.00,53.00,7.00,0.00,1.00,0.00,0.00,1.00,0.00,1.00
0.00,47.00,8.00,0.00,0.00,0.00,0.00,1.00,0.00,1.00
0.00,55.00,8.00,0.00,0.00,1.00,0.00,1.00,0.00,1.00
0.00,41.00,8.00,0.00,0.00,1.00,0.00,1.00,7.21,0.00
0.00,45.00,8.00,0.00,0.00,1.00,0.00,1.00,0.00,1.00
0.00,46.00,9.00,0.00,1.00,1.00,0.00,1.00,8.27,0.00
0.00,48.00,9.00,0.00,0.00,1.00,0.00,1.00,0.00,1.00
1.00,46.00,9.00,0.00,1.00,1.00,0.00,1.00,2.92,0.00
0.00,54.00,9.00,0.00,0.00,1.00,0.00,1.00,0.00,1.00
1.00,40.00,10.00,0.00,1.00,1.00,0.00,1.00,7.62,0.00
0.00,41.00,11.00,0.00,0.00,1.00,0.00,1.00,12.52,0.00
0.00,52.00,8.00,0.00,0.00,1.00,0.00,1.00,0.00,1.00
0.00,45.00,9.00,0.00,0.00,1.00,0.00,1.00,0.00,1.00
0.00,40.00,8.00,0.00,0.00,1.00,0.00,1.00,4.66,0.00
0.00,37.00,10.00,0.00,0.00,1.00,0.00,1.00,0.00,1.00
0.00,48.00,11.00,0.00,0.00,1.00,0.00,1.00,0.00,1.00
0.00,36.00,9.00,0.00,0.00,1.00,0.00,1.00,0.00,1.00
0.00,40.00,7.00,0.00,0.00,1.00,0.00,1.00,7.28,0.00
0.00,40.00,7.00,0.00,0.00,1.00,0.00,1.00,9.24,0.00
1.00,38.00,11.00,0.00,0.00,1.00,0.00,1.00,9.32,0.00
1.00,53.00,7.00,0.00,0.00,1.00,0.00,1.00,0.00,1.00
1.00,52.00,7.00,0.00,0.00,1.00,0.00,1.00,0.00,1.00
1.00,46.00,6.00,0.00,0.00,1.00,0.00,1.00,3.96,0.00
0.00,40.00,8.00,0.00,0.00,1.00,0.00,1.00,2.85,0.00
0.00,53.00,8.00,0.00,0.00,1.00,0.00,1.00,0.00,1.00
1.00,50.00,11.00,0.00,0.00,1.00,0.00,1.00,0.00,1.00
1.00,33.00,11.00,0.00,0.00,1.00,0.00,1.00,14.57,0.00
1.00,33.00,11.00,0.00,0.00,1.00,0.00,1.00,0.00,1.00
0.00,52.00,8.00,0.00,0.00,1.00,0.00,1.00,0.00,1.00
0.00,50.00,8.00,0.00,0.00,1.00,0.00,1.00,0.00,1.00
0.00,41.00,8.00,0.00,0.00,1.00,0.00,1.00,5.67,0.00
0.00,53.00,9.00,0.00,0.00,1.00,0.00,1.00,0.00,1.00
1.00,48.00,11.00,0.00,0.00,0.00,0.00,1.00,0.00,1.00
0.00,31.00,9.00,0.00,0.00,1.00,0.00,1.00,1.94,0.00
1.00,42.00,8.00,0.00,0.00,1.00,0.00,1.00,9.76,0.00
0.00,54.00,10.00,0.00,0.00,1.00,0.00,1.00,0.00,1.00
0.00,50.00,10.00,0.00,0.00,1.00,0.00,1.00,0.00,1.00
1.00,48.00,6.00,0.00,1.00,1.00,0.00,1.00,13.28,0.00
1.00,22.00,9.00,0.00,0.00,1.00,0.00,1.00,0.00,1.00
0.00,41.00,8.00,0.00,0.00,1.00,0.00,1.00,0.00,1.00
1.00,41.00,8.00,0.00,0.00,1.00,0.00,1.00,2.27,0.00
1.00,45.00,9.00,0.00,0.00,1.00,0.63,0.00,0.00,1.00
0.00,46.00,8.00,0.00,0.00,1.00,17.90,0.00,3.86,0.00
0.00,46.00,8.00,0.00,0.00,1.00,17.90,0.00,7.02,0.00
0.00,53.00,8.00,0.00,0.00,1.00,28.65,0.00,11.98,0.00
0.00,53.00,6.00,0.00,0.00,1.00,34.37,0.00,12.86,0.00
1.00,54.00,8.00,0.00,0.00,1.00,1.07,0.00,5.52,0.00
1.00,37.00,9.00,0.00,0.00,0.00,7.09,0.00,2.77,0.00
0.00,38.00,2.00,0.00,0.00,0.00,12.53,0.00,6.58,0.00
0.00,20.00,10.00,0.00,0.00,0.00,7.05,0.00,2.63,0.00
0.00,20.00,11.00,0.00,0.00,1.00,6.45,0.00,10.76,0.00
0.00,42.00,8.00,0.00,0.00,1.00,0.00,1.00,0.00,1.00
0.00,42.00,8.00,0.00,0.00,1.00,0.00,1.00,14.06,0.00
0.00,55.00,7.00,0.00,0.00,0.00,16.69,0.00,4.28,0.00
0.00,20.00,10.00,0.00,0.00,0.00,17.90,0.00,10.89,0.00
1.00,52.00,0.00,0.00,0.00,1.00,0.00,1.00,0.00,1.00
0.00,19.00,11.00,0.00,0.00,0.00,25.06,0.00,23.07,0.00
0.00,51.00,7.00,0.00,0.00,1.00,17.90,0.00,0.70,0.00
1.00,23.00,11.00,0.00,1.00,0.00,5.37,0.00,10.84,0.00
0.00,20.00,11.00,0.00,0.00,0.00,19.69,0.00,8.16,0.00
1.00,40.00,10.00,0.00,0.00,1.00,9.67,0.00,10.80,0.00
1.00,19.00,11.00,0.00,0.00,0.00,9.31,0.00,11.44,0.00
0.00,23.00,6.00,0.00,0.00,1.00,14.32,0.00,13.56,0.00
0.00,47.00,4.00,0.00,0.00,1.00,17.19,0.00,0.00,1.00
0.00,51.00,7.00,0.00,0.00,1.00,17.90,0.00,1.85,0.00
1.00,19.00,9.00,0.00,0.00,1.00,12.17,0.00,16.12,0.00
0.00,19.00,10.00,0.00,0.00,0.00,8.59,0.00,0.16,0.00
0.00,52.00,8.00,0.00,0.00,1.00,0.00,1.00,0.00,1.00
0.00,20.00,9.00,0.00,0.00,1.00,17.90,0.00,17.11,0.00
0.00,20.00,8.00,0.00,0.00,0.00,7.17,0.00,0.00,1.00
0.00,25.00,8.00,0.00,0.00,1.00,0.00,1.00,6.98,0.00
0.00,25.00,9.00,0.00,0.00,0.00,26.85,0.00,29.83,0.00
0.00,22.00,11.00,0.00,0.00,1.00,11.64,0.00,7.63,0.00
1.00,55.00,8.00,0.00,0.00,1.00,7.64,0.00,13.75,0.00
1.00,20.00,11.00,0.00,0.00,1.00,10.74,0.00,9.26,0.00
1.00,22.00,11.00,0.00,0.00,1.00,3.58,0.00,20.34,0.00
0.00,45.00,2.00,0.00,1.00,1.00,14.32,0.00,0.00,1.00
1.00,29.00,10.00,0.00,0.00,1.00,0.00,1.00,0.00,1.00
0.00,41.00,10.00,0.00,1.00,1.00,18.27,0.00,4.82,0.00
0.00,49.00,5.00,0.00,0.00,1.00,16.11,0.00,6.01,0.00
0.00,39.00,8.00,0.00,0.00,1.00,19.69,0.00,19.95,0.00
0.00,22.00,11.00,0.00,0.00,1.00,27.93,0.00,12.54,0.00
0.00,32.00,10.00,0.00,0.00,1.00,32.23,0.00,17.26,0.00
1.00,40.00,11.00,0.00,0.00,1.00,0.00,1.00,13.09,0.00
0.00,26.00,8.00,0.00,0.00,1.00,14.90,0.00,15.66,0.00
1.00,33.00,10.00,0.00,0.00,1.00,5.24,0.00,16.83,0.00
0.00,27.00,8.00,0.00,0.00,1.00,15.40,0.00,13.26,0.00
1.00,25.00,10.00,0.00,1.00,1.00,16.11,0.00,15.45,0.00
0.00,46.00,9.00,0.00,0.00,1.00,28.65,0.00,13.38,0.00
0.00,23.00,9.00,0.00,0.00,1.00,0.00,1.00,0.00,1.00
0.00,20.00,10.00,0.00,1.00,1.00,17.90,0.00,25.51,0.00
0.00,49.00,11.00,0.00,0.00,1.00,23.27,0.00,10.77,0.00
0.00,27.00,10.00,0.00,0.00,1.00,23.63,0.00,19.89,0.00
0.00,28.00,8.00,0.00,0.00,1.00,28.65,0.00,19.76,0.00
1.00,34.00,10.00,0.00,0.00,1.00,4.65,0.00,14.34,0.00
0.00,38.00,7.00,0.00,0.00,1.00,10.74,0.00,0.00,1.00
1.00,21.00,11.00,0.00,1.00,1.00,8.23,0.00,20.17,0.00
0.00,27.00,6.00,0.00,0.00,1.00,23.27,0.00,15.34,0.00
0.00,47.00,8.00,0.00,1.00,1.00,14.32,0.00,0.00,1.00
0.00,19.00,10.00,0.00,0.00,1.00,13.96,0.00,19.55,0.00
0.00,44.00,6.00,0.00,0.00,1.00,26.85,0.00,22.20,0.00
0.00,25.00,10.00,0.00,0.00,1.00,17.29,0.00,13.78,0.00
0.00,28.00,8.00,0.00,0.00,1.00,20.76,0.00,15.58,0.00
1.00,29.00,8.00,0.00,0.00,1.00,17.90,0.00,23.09,0.00
0.00,19.00,10.00,0.00,0.00,1.00,28.65,0.00,12.14,0.00
0.00,33.00,10.00,0.00,0.00,1.00,24.35,0.00,7.33,0.00
0.00,37.00,8.00,0.00,0.00,1.00,26.85,0.00,16.86,0.00
1.00,21.00,11.00,0.00,0.00,0.00,10.74,0.00,14.62,0.00
0.00,23.00,9.00,0.00,0.00,1.00,23.99,0.00,21.90,0.00
1.00,27.00,9.00,0.00,0.00,1.00,4.65,0.00,20.43,0.00
1.00,46.00,10.00,0.00,0.00,1.00,14.32,0.00,7.26,0.00
0.00,46.00,10.00,0.00,0.00,1.00,14.32,0.00,2.13,0.00
0.00,53.00,2.00,0.00,0.00,1.00,17.19,0.00,0.00,1.00
0.00,48.00,8.00,0.00,0.00,1.00,17.69,0.00,1.12,0.00
1.00,48.00,8.00,0.00,0.00,1.00,17.69,0.00,26.99,0.00
0.00,43.00,9.00,0.00,0.00,1.00,21.48,0.00,0.00,1.00
0.00,34.00,10.00,0.00,0.00,1.00,24.35,0.00,14.61,0.00
0.00,45.00,0.00,0.00,1.00,1.00,32.23,0.00,1.45,0.00
0.00,41.00,9.00,0.00,0.00,1.00,25.78,0.00,7.31,0.00
1.00,51.00,8.00,0.00,0.00,1.00,3.09,0.00,0.00,1.00
0.00,26.00,10.00,0.00,0.00,0.00,28.65,0.00,15.66,0.00
0.00,53.00,4.00,0.00,0.00,1.00,5.32,0.00,0.00,1.00
0.00,30.00,9.00,0.00,0.00,1.00,22.99,0.00,17.34,0.00
1.00,53.00,8.00,0.00,0.00,1.00,0.00,1.00,2.53,0.00
0.00,49.00,6.00,0.00,1.00,1.00,32.94,0.00,17.30,0.00
0.00,49.00,6.00,0.00,1.00,1.00,32.94,0.00,11.17,0.00
0.00,37.00,11.00,0.00,0.00,1.00,0.00,1.00,5.45,0.00
1.00,33.00,9.00,0.00,0.00,1.00,12.53,0.00,6.72,0.00
0.00,33.00,9.00,0.00,0.00,1.00,12.53,0.00,12.60,0.00
0.00,20.00,11.00,0.00,0.00,1.00,14.32,0.00,0.00,1.00
0.00,44.00,8.00,0.00,0.00,1.00,20.62,0.00,14.90,0.00
0.00,28.00,9.00,0.00,0.00,1.00,25.06,0.00,12.54,0.00
0.00,35.00,7.00,0.00,0.00,1.00,25.42,0.00,10.20,0.00
0.00,35.00,7.00,0.00,0.00,1.00,25.42,0.00,20.78,0.00
0.00,41.00,9.00,0.00,0.00,1.00,27.93,0.00,14.28,0.00
0.00,40.00,10.00,0.00,0.00,0.00,21.48,0.00,8.63,0.00
0.00,20.00,11.00,0.00,0.00,0.00,12.39,0.00,12.32,0.00
0.00,19.00,11.00,0.00,0.00,1.00,12.83,0.00,21.99,0.00
0.00,39.00,7.00,0.00,0.00,1.00,13.25,0.00,12.06,0.00
0.00,22.00,11.00,0.00,0.00,1.00,17.19,0.00,14.38,0.00
0.00,37.00,11.00,0.00,0.00,1.00,18.52,0.00,12.34,0.00
0.00,52.00,10.00,0.00,0.00,1.00,24.35,0.00,12.05,0.00
0.00,31.00,11.00,0.00,0.00,1.00,27.57,0.00,21.05,0.00
0.00,21.00,10.00,0.00,0.00,1.00,28.16,0.00,11.99,0.00
0.00,52.00,8.00,0.00,0.00,1.00,28.65,0.00,5.00,0.00
0.00,20.00,11.00,0.00,0.00,0.00,28.65,0.00,4.42,0.00
0.00,52.00,5.00,0.00,0.00,1.00,28.65,0.00,16.82,0.00
0.00,45.00,3.00,0.00,1.00,1.00,32.23,0.00,10.82,0.00
0.00,28.00,6.00,0.00,0.00,1.00,12.79,0.00,0.00,1.00
0.00,44.00,9.00,0.00,0.00,1.00,27.81,0.00,19.14,0.00
0.00,28.00,11.00,0.00,0.00,1.00,21.48,0.00,15.67,0.00
0.00,53.00,8.00,0.00,0.00,1.00,28.65,0.00,0.76,0.00
0.00,53.00,7.00,0.00,0.00,1.00,28.65,0.00,0.00,1.00
0.00,52.00,4.00,0.00,0.00,1.00,30.15,0.00,9.89,0.00
0.00,23.00,11.00,0.00,1.00,1.00,16.83,0.00,21.22,0.00
0.00,25.00,9.00,0.00,0.00,1.00,25.78,0.00,7.01,0.00
1.00,54.00,8.00,0.00,1.00,1.00,0.00,1.00,1.62,0.00
1.00,54.00,8.00,0.00,1.00,1.00,0.00,1.00,6.18,0.00
0.00,21.00,11.00,0.00,0.00,1.00,22.92,0.00,11.01,0.00
0.00,46.00,8.00,0.00,0.00,1.00,21.48,0.00,17.28,0.00
1.00,39.00,8.00,0.00,0.00,1.00,25.06,0.00,14.22,0.00
0.00,19.00,8.00,0.00,0.00,1.00,25.06,0.00,3.10,0.00
0.00,49.00,10.00,0.00,0.00,1.00,28.65,0.00,17.48,0.00
0.00,38.00,11.00,0.00,0.00,1.00,28.65,0.00,23.68,0.00
0.00,31.00,10.00,0.00,0.00,1.00,25.06,0.00,22.15,0.00
0.00,45.00,4.00,0.00,0.00,1.00,27.17,0.00,0.00,1.00
0.00,28.00,9.00,0.00,0.00,0.00,26.50,0.00,4.15,0.00
0.00,34.00,11.00,0.00,0.00,1.00,0.00,1.00,11.23,0.00
0.00,46.00,8.00,0.00,0.00,0.00,26.32,0.00,6.12,0.00
0.00,30.00,9.00,0.00,0.00,1.00,15.75,0.00,13.87,0.00
1.00,49.00,8.00,0.00,1.00,0.00,2.15,0.00,3.64,0.00
0.00,18.00,10.00,0.00,1.00,1.00,21.48,0.00,14.44,0.00
0.00,46.00,4.00,0.00,0.00,1.00,28.65,0.00,11.95,0.00
0.00,22.00,11.00,0.00,0.00,0.00,7.52,0.00,10.82,0.00
0.00,20.00,10.00,0.00,0.00,1.00,23.99,0.00,10.60,0.00
0.00,23.00,11.00,0.00,0.00,1.00,23.97,0.00,19.93,0.00
0.00,22.00,11.00,0.00,0.00,1.00,0.00,1.00,0.00,1.00
1.00,21.00,9.00,0.00,0.00,1.00,6.41,0.00,8.96,0.00
0.00,46.00,10.00,0.00,1.00,1.00,21.48,0.00,15.36,0.00
0.00,38.00,9.00,0.00,0.00,1.00,15.75,0.00,20.65,0.00
0.00,49.00,4.00,0.00,0.00,1.00,14.32,0.00,5.93,0.00
1.00,51.00,11.00,0.00,0.00,1.00,13.96,0.00,13.11,0.00
1.00,31.00,10.00,0.00,0.00,1.00,4.93,0.00,17.12,0.00
1.00,48.00,10.00,0.00,0.00,1.00,5.73,0.00,0.00,1.00
0.00,28.00,11.00,0.00,0.00,1.00,10.74,0.00,15.38,0.00
0.00,52.00,11.00,0.00,0.00,1.00,0.00,1.00,0.00,1.00
1.00,48.00,8.00,0.00,0.00,1.00,0.00,1.00,7.41,0.00
1.00,32.00,9.00,0.00,0.00,1.00,2.86,0.00,11.93,0.00
,,,,,,,,,